-- --------------------------------------------------------
-- Host:                         127.0.0.1
-- Versione server:              5.5.30 - MySQL Community Server (GPL)
-- S.O. server:                  Win64
-- HeidiSQL Versione:            8.0.0.4451
-- --------------------------------------------------------

/*!40101 SET @OLD_CHARACTER_SET_CLIENT=@@CHARACTER_SET_CLIENT */;
/*!40101 SET NAMES utf8 */;
/*!40014 SET @OLD_FOREIGN_KEY_CHECKS=@@FOREIGN_KEY_CHECKS, FOREIGN_KEY_CHECKS=0 */;
/*!40101 SET @OLD_SQL_MODE=@@SQL_MODE, SQL_MODE='NO_AUTO_VALUE_ON_ZERO' */;

-- Dump della struttura del database iscritticorsi
CREATE DATABASE IF NOT EXISTS `iscritticorsi` /*!40100 DEFAULT CHARACTER SET utf8 */;
USE `iscritticorsi`;


-- Dump della struttura di tabella iscritticorsi.corso
CREATE TABLE IF NOT EXISTS `corso` (
  `codins` varchar(50) NOT NULL,
  `crediti` int(11) NOT NULL,
  `nome` varchar(50) NOT NULL,
  `pd` int(11) NOT NULL,
  PRIMARY KEY (`codins`)
) ENGINE=InnoDB DEFAULT CHARSET=utf8;

-- Dump dei dati della tabella iscritticorsi.corso: ~14 rows (circa)
DELETE FROM `corso`;
/*!40000 ALTER TABLE `corso` DISABLE KEYS */;
INSERT INTO `corso` (`codins`, `crediti`, `nome`, `pd`) VALUES
	('01KSUPG', 8, 'Gestione dell\'innovazione e sviluppo prodotto', 2),
	('01NATPG', 8, 'Gestione dell\'innovazione e sviluppo prodotto ICT', 2),
	('01NBAPG', 8, 'Ingegneria della qualità', 1),
	('01OVYPG', 8, 'Strategia, tecnologia e marketing', 2),
	('01OVZPG', 8, 'Economia e finanza d\'impresa', 1),
	('01PDYPG', 8, 'Analisi e gestione dei sistemi produttivi', 2),
	('01PDZPG', 8, 'Analisi finanziaria e creditizia per l\'impresa', 1),
	('02ANYPG', 8, 'Diritto commerciale', 2),
	('02AQJPG', 8, 'Economia dei sistemi industriali', 2),
	('02CIXPG', 8, 'Sistemi informativi aziendali', 1),
	('02PBVPG', 8, 'Analisi dei sistemi economici', 1),
	('09AQGNG', 8, 'Economia aziendale', 1),
	('09AQGPG', 8, 'Economia aziendale', 1),
	('10BDAPG', 8, 'Gestione dei progetti', 1);
/*!40000 ALTER TABLE `corso` ENABLE KEYS */;


-- Dump della struttura di tabella iscritticorsi.iscrizione
CREATE TABLE IF NOT EXISTS `iscrizione` (
  `matricola` int(11) NOT NULL,
  `codins` varchar(50) NOT NULL,
  PRIMARY KEY (`matricola`,`codins`),
  KEY `FK_iscrizione_corso` (`codins`),
  CONSTRAINT `FK_iscrizione_studente` FOREIGN KEY (`matricola`) REFERENCES `studente` (`matricola`),
  CONSTRAINT `FK_iscrizione_corso` FOREIGN KEY (`codins`) REFERENCES `corso` (`codins`)
) ENGINE=InnoDB DEFAULT CHARSET=utf8;

-- Dump dei dati della tabella iscritticorsi.iscrizione: ~3.120 rows (circa)
DELETE FROM `iscrizione`;
/*!40000 ALTER TABLE `iscrizione` DISABLE KEYS */;
INSERT INTO `iscrizione` (`matricola`, `codins`) VALUES
	(161245, '01KSUPG'),
	(161334, '01KSUPG'),
	(165651, '01KSUPG'),
	(168630, '01KSUPG'),
	(169195, '01KSUPG'),
	(170478, '01KSUPG'),
	(170544, '01KSUPG'),
	(170858, '01KSUPG'),
	(172040, '01KSUPG'),
	(172163, '01KSUPG'),
	(172458, '01KSUPG'),
	(177382, '01KSUPG'),
	(177471, '01KSUPG'),
	(177478, '01KSUPG'),
	(177525, '01KSUPG'),
	(177526, '01KSUPG'),
	(177824, '01KSUPG'),
	(177879, '01KSUPG'),
	(177913, '01KSUPG'),
	(178050, '01KSUPG'),
	(178907, '01KSUPG'),
	(179468, '01KSUPG'),
	(179502, '01KSUPG'),
	(179549, '01KSUPG'),
	(179710, '01KSUPG'),
	(179835, '01KSUPG'),
	(179895, '01KSUPG'),
	(179907, '01KSUPG'),
	(179915, '01KSUPG'),
	(179927, '01KSUPG'),
	(179943, '01KSUPG'),
	(179969, '01KSUPG'),
	(179971, '01KSUPG'),
	(179993, '01KSUPG'),
	(179996, '01KSUPG'),
	(180014, '01KSUPG'),
	(180016, '01KSUPG'),
	(180054, '01KSUPG'),
	(180056, '01KSUPG'),
	(180058, '01KSUPG'),
	(180059, '01KSUPG'),
	(180064, '01KSUPG'),
	(180197, '01KSUPG'),
	(180244, '01KSUPG'),
	(180269, '01KSUPG'),
	(181259, '01KSUPG'),
	(181260, '01KSUPG'),
	(181262, '01KSUPG'),
	(181265, '01KSUPG'),
	(181478, '01KSUPG'),
	(181665, '01KSUPG'),
	(181677, '01KSUPG'),
	(181956, '01KSUPG'),
	(181964, '01KSUPG'),
	(182109, '01KSUPG'),
	(182637, '01KSUPG'),
	(182642, '01KSUPG'),
	(182659, '01KSUPG'),
	(182694, '01KSUPG'),
	(182704, '01KSUPG'),
	(182850, '01KSUPG'),
	(183745, '01KSUPG'),
	(183778, '01KSUPG'),
	(183800, '01KSUPG'),
	(183989, '01KSUPG'),
	(184455, '01KSUPG'),
	(184887, '01KSUPG'),
	(185349, '01KSUPG'),
	(185758, '01KSUPG'),
	(186092, '01KSUPG'),
	(186137, '01KSUPG'),
	(186758, '01KSUPG'),
	(186897, '01KSUPG'),
	(186980, '01KSUPG'),
	(187096, '01KSUPG'),
	(187144, '01KSUPG'),
	(187239, '01KSUPG'),
	(187253, '01KSUPG'),
	(187260, '01KSUPG'),
	(187377, '01KSUPG'),
	(187381, '01KSUPG'),
	(187405, '01KSUPG'),
	(187448, '01KSUPG'),
	(187450, '01KSUPG'),
	(187500, '01KSUPG'),
	(187504, '01KSUPG'),
	(187514, '01KSUPG'),
	(187526, '01KSUPG'),
	(187587, '01KSUPG'),
	(187596, '01KSUPG'),
	(187686, '01KSUPG'),
	(187687, '01KSUPG'),
	(187745, '01KSUPG'),
	(187875, '01KSUPG'),
	(187886, '01KSUPG'),
	(187941, '01KSUPG'),
	(187975, '01KSUPG'),
	(188020, '01KSUPG'),
	(188119, '01KSUPG'),
	(188120, '01KSUPG'),
	(188124, '01KSUPG'),
	(188143, '01KSUPG'),
	(188151, '01KSUPG'),
	(188160, '01KSUPG'),
	(188162, '01KSUPG'),
	(188163, '01KSUPG'),
	(188164, '01KSUPG'),
	(188165, '01KSUPG'),
	(188167, '01KSUPG'),
	(188168, '01KSUPG'),
	(188184, '01KSUPG'),
	(188185, '01KSUPG'),
	(188193, '01KSUPG'),
	(188200, '01KSUPG'),
	(188207, '01KSUPG'),
	(188239, '01KSUPG'),
	(188245, '01KSUPG'),
	(188252, '01KSUPG'),
	(188265, '01KSUPG'),
	(188276, '01KSUPG'),
	(188288, '01KSUPG'),
	(188303, '01KSUPG'),
	(188304, '01KSUPG'),
	(188321, '01KSUPG'),
	(188420, '01KSUPG'),
	(188431, '01KSUPG'),
	(188444, '01KSUPG'),
	(188474, '01KSUPG'),
	(188535, '01KSUPG'),
	(188541, '01KSUPG'),
	(188550, '01KSUPG'),
	(188561, '01KSUPG'),
	(188574, '01KSUPG'),
	(188578, '01KSUPG'),
	(188579, '01KSUPG'),
	(188583, '01KSUPG'),
	(188626, '01KSUPG'),
	(188628, '01KSUPG'),
	(188630, '01KSUPG'),
	(188678, '01KSUPG'),
	(188680, '01KSUPG'),
	(188687, '01KSUPG'),
	(188856, '01KSUPG'),
	(188962, '01KSUPG'),
	(189017, '01KSUPG'),
	(189023, '01KSUPG'),
	(189027, '01KSUPG'),
	(189028, '01KSUPG'),
	(189035, '01KSUPG'),
	(189042, '01KSUPG'),
	(189044, '01KSUPG'),
	(189046, '01KSUPG'),
	(189066, '01KSUPG'),
	(189071, '01KSUPG'),
	(189074, '01KSUPG'),
	(189090, '01KSUPG'),
	(189100, '01KSUPG'),
	(189108, '01KSUPG'),
	(189116, '01KSUPG'),
	(189120, '01KSUPG'),
	(189124, '01KSUPG'),
	(189125, '01KSUPG'),
	(189161, '01KSUPG'),
	(189174, '01KSUPG'),
	(189272, '01KSUPG'),
	(189377, '01KSUPG'),
	(189634, '01KSUPG'),
	(189939, '01KSUPG'),
	(189963, '01KSUPG'),
	(190010, '01KSUPG'),
	(190027, '01KSUPG'),
	(190131, '01KSUPG'),
	(190297, '01KSUPG'),
	(190306, '01KSUPG'),
	(190323, '01KSUPG'),
	(190325, '01KSUPG'),
	(190418, '01KSUPG'),
	(190482, '01KSUPG'),
	(190485, '01KSUPG'),
	(190489, '01KSUPG'),
	(190492, '01KSUPG'),
	(190502, '01KSUPG'),
	(190503, '01KSUPG'),
	(190512, '01KSUPG'),
	(190523, '01KSUPG'),
	(190528, '01KSUPG'),
	(190529, '01KSUPG'),
	(190532, '01KSUPG'),
	(190539, '01KSUPG'),
	(190551, '01KSUPG'),
	(190558, '01KSUPG'),
	(190560, '01KSUPG'),
	(190571, '01KSUPG'),
	(190573, '01KSUPG'),
	(190577, '01KSUPG'),
	(190582, '01KSUPG'),
	(190585, '01KSUPG'),
	(190587, '01KSUPG'),
	(190600, '01KSUPG'),
	(190605, '01KSUPG'),
	(190607, '01KSUPG'),
	(190612, '01KSUPG'),
	(190617, '01KSUPG'),
	(190619, '01KSUPG'),
	(190628, '01KSUPG'),
	(190632, '01KSUPG'),
	(190633, '01KSUPG'),
	(190634, '01KSUPG'),
	(190641, '01KSUPG'),
	(190645, '01KSUPG'),
	(190655, '01KSUPG'),
	(190658, '01KSUPG'),
	(190660, '01KSUPG'),
	(190663, '01KSUPG'),
	(190664, '01KSUPG'),
	(190666, '01KSUPG'),
	(190673, '01KSUPG'),
	(190679, '01KSUPG'),
	(190706, '01KSUPG'),
	(190710, '01KSUPG'),
	(190711, '01KSUPG'),
	(190715, '01KSUPG'),
	(190722, '01KSUPG'),
	(190753, '01KSUPG'),
	(190824, '01KSUPG'),
	(190833, '01KSUPG'),
	(190835, '01KSUPG'),
	(190857, '01KSUPG'),
	(191971, '01KSUPG'),
	(192453, '01KSUPG'),
	(192978, '01KSUPG'),
	(198030, '01KSUPG'),
	(198468, '01KSUPG'),
	(198952, '01KSUPG'),
	(199459, '01KSUPG'),
	(170447, '01NATPG'),
	(172230, '01NATPG'),
	(172330, '01NATPG'),
	(176221, '01NATPG'),
	(177474, '01NATPG'),
	(177540, '01NATPG'),
	(177600, '01NATPG'),
	(178079, '01NATPG'),
	(178080, '01NATPG'),
	(179973, '01NATPG'),
	(179975, '01NATPG'),
	(179991, '01NATPG'),
	(180028, '01NATPG'),
	(182631, '01NATPG'),
	(183713, '01NATPG'),
	(187370, '01NATPG'),
	(188625, '01NATPG'),
	(188943, '01NATPG'),
	(190303, '01NATPG'),
	(190479, '01NATPG'),
	(190538, '01NATPG'),
	(190579, '01NATPG'),
	(190635, '01NATPG'),
	(190712, '01NATPG'),
	(197220, '01NATPG'),
	(156622, '01NBAPG'),
	(161245, '01NBAPG'),
	(161334, '01NBAPG'),
	(167754, '01NBAPG'),
	(168630, '01NBAPG'),
	(168718, '01NBAPG'),
	(169195, '01NBAPG'),
	(170277, '01NBAPG'),
	(170435, '01NBAPG'),
	(170443, '01NBAPG'),
	(170450, '01NBAPG'),
	(170457, '01NBAPG'),
	(170544, '01NBAPG'),
	(170598, '01NBAPG'),
	(170816, '01NBAPG'),
	(170858, '01NBAPG'),
	(172230, '01NBAPG'),
	(172249, '01NBAPG'),
	(172330, '01NBAPG'),
	(172458, '01NBAPG'),
	(172537, '01NBAPG'),
	(172568, '01NBAPG'),
	(172578, '01NBAPG'),
	(174001, '01NBAPG'),
	(176221, '01NBAPG'),
	(176233, '01NBAPG'),
	(176948, '01NBAPG'),
	(176997, '01NBAPG'),
	(177290, '01NBAPG'),
	(177382, '01NBAPG'),
	(177390, '01NBAPG'),
	(177391, '01NBAPG'),
	(177462, '01NBAPG'),
	(177464, '01NBAPG'),
	(177471, '01NBAPG'),
	(177473, '01NBAPG'),
	(177475, '01NBAPG'),
	(177478, '01NBAPG'),
	(177492, '01NBAPG'),
	(177526, '01NBAPG'),
	(177540, '01NBAPG'),
	(177550, '01NBAPG'),
	(177586, '01NBAPG'),
	(177599, '01NBAPG'),
	(177600, '01NBAPG'),
	(177632, '01NBAPG'),
	(177664, '01NBAPG'),
	(177717, '01NBAPG'),
	(177757, '01NBAPG'),
	(177824, '01NBAPG'),
	(177900, '01NBAPG'),
	(177906, '01NBAPG'),
	(177913, '01NBAPG'),
	(178043, '01NBAPG'),
	(178050, '01NBAPG'),
	(178079, '01NBAPG'),
	(178871, '01NBAPG'),
	(178930, '01NBAPG'),
	(178991, '01NBAPG'),
	(179058, '01NBAPG'),
	(179069, '01NBAPG'),
	(179078, '01NBAPG'),
	(179430, '01NBAPG'),
	(179458, '01NBAPG'),
	(179468, '01NBAPG'),
	(179495, '01NBAPG'),
	(179502, '01NBAPG'),
	(179549, '01NBAPG'),
	(179710, '01NBAPG'),
	(179835, '01NBAPG'),
	(179886, '01NBAPG'),
	(179906, '01NBAPG'),
	(179907, '01NBAPG'),
	(179909, '01NBAPG'),
	(179912, '01NBAPG'),
	(179913, '01NBAPG'),
	(179915, '01NBAPG'),
	(179927, '01NBAPG'),
	(179943, '01NBAPG'),
	(179969, '01NBAPG'),
	(179970, '01NBAPG'),
	(179973, '01NBAPG'),
	(179975, '01NBAPG'),
	(179993, '01NBAPG'),
	(179996, '01NBAPG'),
	(180004, '01NBAPG'),
	(180014, '01NBAPG'),
	(180015, '01NBAPG'),
	(180016, '01NBAPG'),
	(180021, '01NBAPG'),
	(180028, '01NBAPG'),
	(180034, '01NBAPG'),
	(180053, '01NBAPG'),
	(180054, '01NBAPG'),
	(180056, '01NBAPG'),
	(180058, '01NBAPG'),
	(180059, '01NBAPG'),
	(180064, '01NBAPG'),
	(180177, '01NBAPG'),
	(180179, '01NBAPG'),
	(180197, '01NBAPG'),
	(180244, '01NBAPG'),
	(180269, '01NBAPG'),
	(181259, '01NBAPG'),
	(181260, '01NBAPG'),
	(181262, '01NBAPG'),
	(181263, '01NBAPG'),
	(181265, '01NBAPG'),
	(181478, '01NBAPG'),
	(181635, '01NBAPG'),
	(181665, '01NBAPG'),
	(181677, '01NBAPG'),
	(181956, '01NBAPG'),
	(181964, '01NBAPG'),
	(182109, '01NBAPG'),
	(182631, '01NBAPG'),
	(182637, '01NBAPG'),
	(182642, '01NBAPG'),
	(182659, '01NBAPG'),
	(182694, '01NBAPG'),
	(182704, '01NBAPG'),
	(182850, '01NBAPG'),
	(183713, '01NBAPG'),
	(183745, '01NBAPG'),
	(183778, '01NBAPG'),
	(183800, '01NBAPG'),
	(183981, '01NBAPG'),
	(183989, '01NBAPG'),
	(184455, '01NBAPG'),
	(184887, '01NBAPG'),
	(185349, '01NBAPG'),
	(185758, '01NBAPG'),
	(185951, '01NBAPG'),
	(186087, '01NBAPG'),
	(186092, '01NBAPG'),
	(186137, '01NBAPG'),
	(186641, '01NBAPG'),
	(186820, '01NBAPG'),
	(186830, '01NBAPG'),
	(186897, '01NBAPG'),
	(186930, '01NBAPG'),
	(186980, '01NBAPG'),
	(187034, '01NBAPG'),
	(187096, '01NBAPG'),
	(187144, '01NBAPG'),
	(187239, '01NBAPG'),
	(187253, '01NBAPG'),
	(187260, '01NBAPG'),
	(187370, '01NBAPG'),
	(187377, '01NBAPG'),
	(187381, '01NBAPG'),
	(187405, '01NBAPG'),
	(187448, '01NBAPG'),
	(187450, '01NBAPG'),
	(187500, '01NBAPG'),
	(187504, '01NBAPG'),
	(187505, '01NBAPG'),
	(187514, '01NBAPG'),
	(187526, '01NBAPG'),
	(187587, '01NBAPG'),
	(187596, '01NBAPG'),
	(187657, '01NBAPG'),
	(187686, '01NBAPG'),
	(187687, '01NBAPG'),
	(187691, '01NBAPG'),
	(187745, '01NBAPG'),
	(187869, '01NBAPG'),
	(187875, '01NBAPG'),
	(187886, '01NBAPG'),
	(187895, '01NBAPG'),
	(187925, '01NBAPG'),
	(187941, '01NBAPG'),
	(187975, '01NBAPG'),
	(188020, '01NBAPG'),
	(188071, '01NBAPG'),
	(188119, '01NBAPG'),
	(188120, '01NBAPG'),
	(188124, '01NBAPG'),
	(188127, '01NBAPG'),
	(188141, '01NBAPG'),
	(188143, '01NBAPG'),
	(188144, '01NBAPG'),
	(188151, '01NBAPG'),
	(188152, '01NBAPG'),
	(188160, '01NBAPG'),
	(188161, '01NBAPG'),
	(188162, '01NBAPG'),
	(188163, '01NBAPG'),
	(188164, '01NBAPG'),
	(188165, '01NBAPG'),
	(188167, '01NBAPG'),
	(188168, '01NBAPG'),
	(188184, '01NBAPG'),
	(188185, '01NBAPG'),
	(188193, '01NBAPG'),
	(188200, '01NBAPG'),
	(188207, '01NBAPG'),
	(188239, '01NBAPG'),
	(188245, '01NBAPG'),
	(188246, '01NBAPG'),
	(188252, '01NBAPG'),
	(188258, '01NBAPG'),
	(188265, '01NBAPG'),
	(188288, '01NBAPG'),
	(188298, '01NBAPG'),
	(188303, '01NBAPG'),
	(188304, '01NBAPG'),
	(188308, '01NBAPG'),
	(188319, '01NBAPG'),
	(188321, '01NBAPG'),
	(188333, '01NBAPG'),
	(188349, '01NBAPG'),
	(188405, '01NBAPG'),
	(188420, '01NBAPG'),
	(188431, '01NBAPG'),
	(188444, '01NBAPG'),
	(188470, '01NBAPG'),
	(188474, '01NBAPG'),
	(188535, '01NBAPG'),
	(188541, '01NBAPG'),
	(188550, '01NBAPG'),
	(188561, '01NBAPG'),
	(188578, '01NBAPG'),
	(188579, '01NBAPG'),
	(188583, '01NBAPG'),
	(188625, '01NBAPG'),
	(188626, '01NBAPG'),
	(188628, '01NBAPG'),
	(188630, '01NBAPG'),
	(188678, '01NBAPG'),
	(188680, '01NBAPG'),
	(188687, '01NBAPG'),
	(188770, '01NBAPG'),
	(188856, '01NBAPG'),
	(188943, '01NBAPG'),
	(188962, '01NBAPG'),
	(189017, '01NBAPG'),
	(189023, '01NBAPG'),
	(189026, '01NBAPG'),
	(189027, '01NBAPG'),
	(189028, '01NBAPG'),
	(189035, '01NBAPG'),
	(189038, '01NBAPG'),
	(189039, '01NBAPG'),
	(189042, '01NBAPG'),
	(189046, '01NBAPG'),
	(189066, '01NBAPG'),
	(189071, '01NBAPG'),
	(189074, '01NBAPG'),
	(189090, '01NBAPG'),
	(189100, '01NBAPG'),
	(189108, '01NBAPG'),
	(189116, '01NBAPG'),
	(189124, '01NBAPG'),
	(189125, '01NBAPG'),
	(189161, '01NBAPG'),
	(189174, '01NBAPG'),
	(189272, '01NBAPG'),
	(189377, '01NBAPG'),
	(189539, '01NBAPG'),
	(189634, '01NBAPG'),
	(189939, '01NBAPG'),
	(189963, '01NBAPG'),
	(190009, '01NBAPG'),
	(190010, '01NBAPG'),
	(190027, '01NBAPG'),
	(190170, '01NBAPG'),
	(190297, '01NBAPG'),
	(190306, '01NBAPG'),
	(190418, '01NBAPG'),
	(190480, '01NBAPG'),
	(190485, '01NBAPG'),
	(190489, '01NBAPG'),
	(190492, '01NBAPG'),
	(190502, '01NBAPG'),
	(190503, '01NBAPG'),
	(190512, '01NBAPG'),
	(190523, '01NBAPG'),
	(190528, '01NBAPG'),
	(190538, '01NBAPG'),
	(190551, '01NBAPG'),
	(190557, '01NBAPG'),
	(190558, '01NBAPG'),
	(190560, '01NBAPG'),
	(190570, '01NBAPG'),
	(190571, '01NBAPG'),
	(190573, '01NBAPG'),
	(190579, '01NBAPG'),
	(190585, '01NBAPG'),
	(190587, '01NBAPG'),
	(190600, '01NBAPG'),
	(190605, '01NBAPG'),
	(190607, '01NBAPG'),
	(190612, '01NBAPG'),
	(190619, '01NBAPG'),
	(190632, '01NBAPG'),
	(190633, '01NBAPG'),
	(190634, '01NBAPG'),
	(190635, '01NBAPG'),
	(190645, '01NBAPG'),
	(190655, '01NBAPG'),
	(190660, '01NBAPG'),
	(190664, '01NBAPG'),
	(190666, '01NBAPG'),
	(190679, '01NBAPG'),
	(190710, '01NBAPG'),
	(190711, '01NBAPG'),
	(190712, '01NBAPG'),
	(190715, '01NBAPG'),
	(190719, '01NBAPG'),
	(190753, '01NBAPG'),
	(190833, '01NBAPG'),
	(190835, '01NBAPG'),
	(190857, '01NBAPG'),
	(191971, '01NBAPG'),
	(192453, '01NBAPG'),
	(192686, '01NBAPG'),
	(192978, '01NBAPG'),
	(194392, '01NBAPG'),
	(196888, '01NBAPG'),
	(197220, '01NBAPG'),
	(198030, '01NBAPG'),
	(198151, '01NBAPG'),
	(198171, '01NBAPG'),
	(198175, '01NBAPG'),
	(198592, '01NBAPG'),
	(198804, '01NBAPG'),
	(156622, '01OVYPG'),
	(169840, '01OVYPG'),
	(177471, '01OVYPG'),
	(177757, '01OVYPG'),
	(181138, '01OVYPG'),
	(181269, '01OVYPG'),
	(185951, '01OVYPG'),
	(186758, '01OVYPG'),
	(186830, '01OVYPG'),
	(187500, '01OVYPG'),
	(187691, '01OVYPG'),
	(187925, '01OVYPG'),
	(188051, '01OVYPG'),
	(188071, '01OVYPG'),
	(188152, '01OVYPG'),
	(188167, '01OVYPG'),
	(188198, '01OVYPG'),
	(188579, '01OVYPG'),
	(188625, '01OVYPG'),
	(189027, '01OVYPG'),
	(189120, '01OVYPG'),
	(189536, '01OVYPG'),
	(189634, '01OVYPG'),
	(189950, '01OVYPG'),
	(190170, '01OVYPG'),
	(190297, '01OVYPG'),
	(190418, '01OVYPG'),
	(190428, '01OVYPG'),
	(190472, '01OVYPG'),
	(190482, '01OVYPG'),
	(190570, '01OVYPG'),
	(190584, '01OVYPG'),
	(190628, '01OVYPG'),
	(190658, '01OVYPG'),
	(190662, '01OVYPG'),
	(190722, '01OVYPG'),
	(191971, '01OVYPG'),
	(192248, '01OVYPG'),
	(192314, '01OVYPG'),
	(192453, '01OVYPG'),
	(192686, '01OVYPG'),
	(192806, '01OVYPG'),
	(192811, '01OVYPG'),
	(192910, '01OVYPG'),
	(192959, '01OVYPG'),
	(192978, '01OVYPG'),
	(193084, '01OVYPG'),
	(193115, '01OVYPG'),
	(193119, '01OVYPG'),
	(193155, '01OVYPG'),
	(193156, '01OVYPG'),
	(193733, '01OVYPG'),
	(193922, '01OVYPG'),
	(194139, '01OVYPG'),
	(194140, '01OVYPG'),
	(194386, '01OVYPG'),
	(194392, '01OVYPG'),
	(195779, '01OVYPG'),
	(195836, '01OVYPG'),
	(195851, '01OVYPG'),
	(195903, '01OVYPG'),
	(196043, '01OVYPG'),
	(196268, '01OVYPG'),
	(196736, '01OVYPG'),
	(196888, '01OVYPG'),
	(196922, '01OVYPG'),
	(196931, '01OVYPG'),
	(197005, '01OVYPG'),
	(197176, '01OVYPG'),
	(197208, '01OVYPG'),
	(197220, '01OVYPG'),
	(197227, '01OVYPG'),
	(197247, '01OVYPG'),
	(197256, '01OVYPG'),
	(197295, '01OVYPG'),
	(197309, '01OVYPG'),
	(197323, '01OVYPG'),
	(197342, '01OVYPG'),
	(197433, '01OVYPG'),
	(197438, '01OVYPG'),
	(197532, '01OVYPG'),
	(197533, '01OVYPG'),
	(197534, '01OVYPG'),
	(197591, '01OVYPG'),
	(197597, '01OVYPG'),
	(197622, '01OVYPG'),
	(197635, '01OVYPG'),
	(197695, '01OVYPG'),
	(197711, '01OVYPG'),
	(197716, '01OVYPG'),
	(197719, '01OVYPG'),
	(197724, '01OVYPG'),
	(197726, '01OVYPG'),
	(197768, '01OVYPG'),
	(197795, '01OVYPG'),
	(197821, '01OVYPG'),
	(197837, '01OVYPG'),
	(197897, '01OVYPG'),
	(197900, '01OVYPG'),
	(197917, '01OVYPG'),
	(197950, '01OVYPG'),
	(197951, '01OVYPG'),
	(197956, '01OVYPG'),
	(197959, '01OVYPG'),
	(197981, '01OVYPG'),
	(197989, '01OVYPG'),
	(197990, '01OVYPG'),
	(197993, '01OVYPG'),
	(198019, '01OVYPG'),
	(198028, '01OVYPG'),
	(198030, '01OVYPG'),
	(198032, '01OVYPG'),
	(198035, '01OVYPG'),
	(198036, '01OVYPG'),
	(198041, '01OVYPG'),
	(198042, '01OVYPG'),
	(198047, '01OVYPG'),
	(198057, '01OVYPG'),
	(198065, '01OVYPG'),
	(198079, '01OVYPG'),
	(198117, '01OVYPG'),
	(198121, '01OVYPG'),
	(198131, '01OVYPG'),
	(198135, '01OVYPG'),
	(198136, '01OVYPG'),
	(198138, '01OVYPG'),
	(198145, '01OVYPG'),
	(198147, '01OVYPG'),
	(198151, '01OVYPG'),
	(198154, '01OVYPG'),
	(198166, '01OVYPG'),
	(198168, '01OVYPG'),
	(198171, '01OVYPG'),
	(198175, '01OVYPG'),
	(198198, '01OVYPG'),
	(198209, '01OVYPG'),
	(198251, '01OVYPG'),
	(198254, '01OVYPG'),
	(198255, '01OVYPG'),
	(198285, '01OVYPG'),
	(198372, '01OVYPG'),
	(198392, '01OVYPG'),
	(198393, '01OVYPG'),
	(198394, '01OVYPG'),
	(198430, '01OVYPG'),
	(198432, '01OVYPG'),
	(198453, '01OVYPG'),
	(198457, '01OVYPG'),
	(198468, '01OVYPG'),
	(198493, '01OVYPG'),
	(198510, '01OVYPG'),
	(198511, '01OVYPG'),
	(198522, '01OVYPG'),
	(198547, '01OVYPG'),
	(198571, '01OVYPG'),
	(198574, '01OVYPG'),
	(198579, '01OVYPG'),
	(198582, '01OVYPG'),
	(198592, '01OVYPG'),
	(198613, '01OVYPG'),
	(198618, '01OVYPG'),
	(198621, '01OVYPG'),
	(198627, '01OVYPG'),
	(198643, '01OVYPG'),
	(198647, '01OVYPG'),
	(198657, '01OVYPG'),
	(198672, '01OVYPG'),
	(198675, '01OVYPG'),
	(198731, '01OVYPG'),
	(198777, '01OVYPG'),
	(198804, '01OVYPG'),
	(198825, '01OVYPG'),
	(198829, '01OVYPG'),
	(198857, '01OVYPG'),
	(198869, '01OVYPG'),
	(198916, '01OVYPG'),
	(198928, '01OVYPG'),
	(198935, '01OVYPG'),
	(198944, '01OVYPG'),
	(198948, '01OVYPG'),
	(198949, '01OVYPG'),
	(198950, '01OVYPG'),
	(198952, '01OVYPG'),
	(198964, '01OVYPG'),
	(198966, '01OVYPG'),
	(198970, '01OVYPG'),
	(198978, '01OVYPG'),
	(198994, '01OVYPG'),
	(198996, '01OVYPG'),
	(198997, '01OVYPG'),
	(199003, '01OVYPG'),
	(199005, '01OVYPG'),
	(199014, '01OVYPG'),
	(199015, '01OVYPG'),
	(199016, '01OVYPG'),
	(199021, '01OVYPG'),
	(199037, '01OVYPG'),
	(199041, '01OVYPG'),
	(199062, '01OVYPG'),
	(199151, '01OVYPG'),
	(199185, '01OVYPG'),
	(199280, '01OVYPG'),
	(199292, '01OVYPG'),
	(199298, '01OVYPG'),
	(199349, '01OVYPG'),
	(199402, '01OVYPG'),
	(199565, '01OVYPG'),
	(199566, '01OVYPG'),
	(199585, '01OVYPG'),
	(199607, '01OVYPG'),
	(199655, '01OVYPG'),
	(199676, '01OVYPG'),
	(200050, '01OVYPG'),
	(200139, '01OVYPG'),
	(200191, '01OVYPG'),
	(200221, '01OVYPG'),
	(200237, '01OVYPG'),
	(200238, '01OVYPG'),
	(200242, '01OVYPG'),
	(200246, '01OVYPG'),
	(200249, '01OVYPG'),
	(200250, '01OVYPG'),
	(200278, '01OVYPG'),
	(200290, '01OVYPG'),
	(200296, '01OVYPG'),
	(200310, '01OVYPG'),
	(200320, '01OVYPG'),
	(200323, '01OVYPG'),
	(200329, '01OVYPG'),
	(200331, '01OVYPG'),
	(200336, '01OVYPG'),
	(200337, '01OVYPG'),
	(200338, '01OVYPG'),
	(200360, '01OVYPG'),
	(200368, '01OVYPG'),
	(200374, '01OVYPG'),
	(200376, '01OVYPG'),
	(200400, '01OVYPG'),
	(200419, '01OVYPG'),
	(200430, '01OVYPG'),
	(200442, '01OVYPG'),
	(200454, '01OVYPG'),
	(200456, '01OVYPG'),
	(200463, '01OVYPG'),
	(200482, '01OVYPG'),
	(200488, '01OVYPG'),
	(200496, '01OVYPG'),
	(200498, '01OVYPG'),
	(200505, '01OVYPG'),
	(200507, '01OVYPG'),
	(200516, '01OVYPG'),
	(200539, '01OVYPG'),
	(200543, '01OVYPG'),
	(200546, '01OVYPG'),
	(200564, '01OVYPG'),
	(200576, '01OVYPG'),
	(200577, '01OVYPG'),
	(200597, '01OVYPG'),
	(200598, '01OVYPG'),
	(200600, '01OVYPG'),
	(200622, '01OVYPG'),
	(200625, '01OVYPG'),
	(200626, '01OVYPG'),
	(200629, '01OVYPG'),
	(200630, '01OVYPG'),
	(161245, '01OVZPG'),
	(168887, '01OVZPG'),
	(170435, '01OVZPG'),
	(170443, '01OVZPG'),
	(170457, '01OVZPG'),
	(177464, '01OVZPG'),
	(177487, '01OVZPG'),
	(177492, '01OVZPG'),
	(177599, '01OVZPG'),
	(178050, '01OVZPG'),
	(178871, '01OVZPG'),
	(178907, '01OVZPG'),
	(178930, '01OVZPG'),
	(179468, '01OVZPG'),
	(179549, '01OVZPG'),
	(179710, '01OVZPG'),
	(179886, '01OVZPG'),
	(179915, '01OVZPG'),
	(179943, '01OVZPG'),
	(179970, '01OVZPG'),
	(179971, '01OVZPG'),
	(180016, '01OVZPG'),
	(180021, '01OVZPG'),
	(180064, '01OVZPG'),
	(180179, '01OVZPG'),
	(180244, '01OVZPG'),
	(180269, '01OVZPG'),
	(181265, '01OVZPG'),
	(181635, '01OVZPG'),
	(182637, '01OVZPG'),
	(182694, '01OVZPG'),
	(182850, '01OVZPG'),
	(183989, '01OVZPG'),
	(186092, '01OVZPG'),
	(186137, '01OVZPG'),
	(186820, '01OVZPG'),
	(186830, '01OVZPG'),
	(187144, '01OVZPG'),
	(187687, '01OVZPG'),
	(187869, '01OVZPG'),
	(187875, '01OVZPG'),
	(188119, '01OVZPG'),
	(188120, '01OVZPG'),
	(188151, '01OVZPG'),
	(188152, '01OVZPG'),
	(188160, '01OVZPG'),
	(188164, '01OVZPG'),
	(188167, '01OVZPG'),
	(188168, '01OVZPG'),
	(188184, '01OVZPG'),
	(188185, '01OVZPG'),
	(188193, '01OVZPG'),
	(188200, '01OVZPG'),
	(188207, '01OVZPG'),
	(188265, '01OVZPG'),
	(188288, '01OVZPG'),
	(188304, '01OVZPG'),
	(188308, '01OVZPG'),
	(188321, '01OVZPG'),
	(188349, '01OVZPG'),
	(188405, '01OVZPG'),
	(188420, '01OVZPG'),
	(188535, '01OVZPG'),
	(188578, '01OVZPG'),
	(188579, '01OVZPG'),
	(188630, '01OVZPG'),
	(188687, '01OVZPG'),
	(188770, '01OVZPG'),
	(188943, '01OVZPG'),
	(189017, '01OVZPG'),
	(189026, '01OVZPG'),
	(189035, '01OVZPG'),
	(189038, '01OVZPG'),
	(189042, '01OVZPG'),
	(189100, '01OVZPG'),
	(189108, '01OVZPG'),
	(189124, '01OVZPG'),
	(189125, '01OVZPG'),
	(189174, '01OVZPG'),
	(189939, '01OVZPG'),
	(189963, '01OVZPG'),
	(190009, '01OVZPG'),
	(190027, '01OVZPG'),
	(190131, '01OVZPG'),
	(190297, '01OVZPG'),
	(190306, '01OVZPG'),
	(190485, '01OVZPG'),
	(190492, '01OVZPG'),
	(190502, '01OVZPG'),
	(190503, '01OVZPG'),
	(190512, '01OVZPG'),
	(190523, '01OVZPG'),
	(190528, '01OVZPG'),
	(190571, '01OVZPG'),
	(190587, '01OVZPG'),
	(190600, '01OVZPG'),
	(190605, '01OVZPG'),
	(190619, '01OVZPG'),
	(190632, '01OVZPG'),
	(190633, '01OVZPG'),
	(190634, '01OVZPG'),
	(190635, '01OVZPG'),
	(190645, '01OVZPG'),
	(190660, '01OVZPG'),
	(190666, '01OVZPG'),
	(190673, '01OVZPG'),
	(190710, '01OVZPG'),
	(190711, '01OVZPG'),
	(190857, '01OVZPG'),
	(192647, '01OVZPG'),
	(192793, '01OVZPG'),
	(159818, '01PDYPG'),
	(177525, '01PDYPG'),
	(190009, '01PDYPG'),
	(190010, '01PDYPG'),
	(190170, '01PDYPG'),
	(190297, '01PDYPG'),
	(190303, '01PDYPG'),
	(190323, '01PDYPG'),
	(190325, '01PDYPG'),
	(190418, '01PDYPG'),
	(190428, '01PDYPG'),
	(190529, '01PDYPG'),
	(190582, '01PDYPG'),
	(190584, '01PDYPG'),
	(190632, '01PDYPG'),
	(190658, '01PDYPG'),
	(190663, '01PDYPG'),
	(190708, '01PDYPG'),
	(190710, '01PDYPG'),
	(190824, '01PDYPG'),
	(192248, '01PDYPG'),
	(192314, '01PDYPG'),
	(192453, '01PDYPG'),
	(192686, '01PDYPG'),
	(192806, '01PDYPG'),
	(192811, '01PDYPG'),
	(192910, '01PDYPG'),
	(192959, '01PDYPG'),
	(192978, '01PDYPG'),
	(193084, '01PDYPG'),
	(193115, '01PDYPG'),
	(193119, '01PDYPG'),
	(193155, '01PDYPG'),
	(193156, '01PDYPG'),
	(193733, '01PDYPG'),
	(193922, '01PDYPG'),
	(194139, '01PDYPG'),
	(194140, '01PDYPG'),
	(194386, '01PDYPG'),
	(194392, '01PDYPG'),
	(195779, '01PDYPG'),
	(195836, '01PDYPG'),
	(195851, '01PDYPG'),
	(195903, '01PDYPG'),
	(196268, '01PDYPG'),
	(196736, '01PDYPG'),
	(196888, '01PDYPG'),
	(196922, '01PDYPG'),
	(196931, '01PDYPG'),
	(197005, '01PDYPG'),
	(197176, '01PDYPG'),
	(197220, '01PDYPG'),
	(197227, '01PDYPG'),
	(197247, '01PDYPG'),
	(197256, '01PDYPG'),
	(197295, '01PDYPG'),
	(197309, '01PDYPG'),
	(197323, '01PDYPG'),
	(197342, '01PDYPG'),
	(197433, '01PDYPG'),
	(197438, '01PDYPG'),
	(197532, '01PDYPG'),
	(197533, '01PDYPG'),
	(197534, '01PDYPG'),
	(197591, '01PDYPG'),
	(197597, '01PDYPG'),
	(197622, '01PDYPG'),
	(197635, '01PDYPG'),
	(197695, '01PDYPG'),
	(197711, '01PDYPG'),
	(197716, '01PDYPG'),
	(197719, '01PDYPG'),
	(197724, '01PDYPG'),
	(197726, '01PDYPG'),
	(197768, '01PDYPG'),
	(197795, '01PDYPG'),
	(197821, '01PDYPG'),
	(197837, '01PDYPG'),
	(197897, '01PDYPG'),
	(197900, '01PDYPG'),
	(197917, '01PDYPG'),
	(197950, '01PDYPG'),
	(197951, '01PDYPG'),
	(197956, '01PDYPG'),
	(197959, '01PDYPG'),
	(197981, '01PDYPG'),
	(197989, '01PDYPG'),
	(197990, '01PDYPG'),
	(197993, '01PDYPG'),
	(198019, '01PDYPG'),
	(198028, '01PDYPG'),
	(198030, '01PDYPG'),
	(198035, '01PDYPG'),
	(198036, '01PDYPG'),
	(198041, '01PDYPG'),
	(198042, '01PDYPG'),
	(198047, '01PDYPG'),
	(198057, '01PDYPG'),
	(198065, '01PDYPG'),
	(198079, '01PDYPG'),
	(198117, '01PDYPG'),
	(198121, '01PDYPG'),
	(198131, '01PDYPG'),
	(198135, '01PDYPG'),
	(198136, '01PDYPG'),
	(198138, '01PDYPG'),
	(198145, '01PDYPG'),
	(198147, '01PDYPG'),
	(198151, '01PDYPG'),
	(198154, '01PDYPG'),
	(198166, '01PDYPG'),
	(198168, '01PDYPG'),
	(198171, '01PDYPG'),
	(198175, '01PDYPG'),
	(198198, '01PDYPG'),
	(198209, '01PDYPG'),
	(198251, '01PDYPG'),
	(198254, '01PDYPG'),
	(198255, '01PDYPG'),
	(198285, '01PDYPG'),
	(198372, '01PDYPG'),
	(198392, '01PDYPG'),
	(198393, '01PDYPG'),
	(198394, '01PDYPG'),
	(198430, '01PDYPG'),
	(198432, '01PDYPG'),
	(198453, '01PDYPG'),
	(198457, '01PDYPG'),
	(198468, '01PDYPG'),
	(198493, '01PDYPG'),
	(198510, '01PDYPG'),
	(198511, '01PDYPG'),
	(198522, '01PDYPG'),
	(198547, '01PDYPG'),
	(198571, '01PDYPG'),
	(198574, '01PDYPG'),
	(198579, '01PDYPG'),
	(198582, '01PDYPG'),
	(198592, '01PDYPG'),
	(198613, '01PDYPG'),
	(198618, '01PDYPG'),
	(198621, '01PDYPG'),
	(198627, '01PDYPG'),
	(198643, '01PDYPG'),
	(198647, '01PDYPG'),
	(198672, '01PDYPG'),
	(198675, '01PDYPG'),
	(198731, '01PDYPG'),
	(198777, '01PDYPG'),
	(198804, '01PDYPG'),
	(198825, '01PDYPG'),
	(198829, '01PDYPG'),
	(198857, '01PDYPG'),
	(198869, '01PDYPG'),
	(198916, '01PDYPG'),
	(198928, '01PDYPG'),
	(198935, '01PDYPG'),
	(198944, '01PDYPG'),
	(198948, '01PDYPG'),
	(198949, '01PDYPG'),
	(198950, '01PDYPG'),
	(198952, '01PDYPG'),
	(198964, '01PDYPG'),
	(198966, '01PDYPG'),
	(198970, '01PDYPG'),
	(198978, '01PDYPG'),
	(198994, '01PDYPG'),
	(198996, '01PDYPG'),
	(198997, '01PDYPG'),
	(199003, '01PDYPG'),
	(199005, '01PDYPG'),
	(199014, '01PDYPG'),
	(199015, '01PDYPG'),
	(199016, '01PDYPG'),
	(199021, '01PDYPG'),
	(199037, '01PDYPG'),
	(199041, '01PDYPG'),
	(199062, '01PDYPG'),
	(199151, '01PDYPG'),
	(199185, '01PDYPG'),
	(199280, '01PDYPG'),
	(199292, '01PDYPG'),
	(199298, '01PDYPG'),
	(199349, '01PDYPG'),
	(199565, '01PDYPG'),
	(199566, '01PDYPG'),
	(199585, '01PDYPG'),
	(199607, '01PDYPG'),
	(199655, '01PDYPG'),
	(199676, '01PDYPG'),
	(200050, '01PDYPG'),
	(200139, '01PDYPG'),
	(200191, '01PDYPG'),
	(200221, '01PDYPG'),
	(200237, '01PDYPG'),
	(200238, '01PDYPG'),
	(200242, '01PDYPG'),
	(200246, '01PDYPG'),
	(200249, '01PDYPG'),
	(200250, '01PDYPG'),
	(200290, '01PDYPG'),
	(200296, '01PDYPG'),
	(200310, '01PDYPG'),
	(200320, '01PDYPG'),
	(200323, '01PDYPG'),
	(200329, '01PDYPG'),
	(200331, '01PDYPG'),
	(200336, '01PDYPG'),
	(200337, '01PDYPG'),
	(200338, '01PDYPG'),
	(200360, '01PDYPG'),
	(200368, '01PDYPG'),
	(200374, '01PDYPG'),
	(200376, '01PDYPG'),
	(200400, '01PDYPG'),
	(200442, '01PDYPG'),
	(200454, '01PDYPG'),
	(200456, '01PDYPG'),
	(200463, '01PDYPG'),
	(200482, '01PDYPG'),
	(200488, '01PDYPG'),
	(200496, '01PDYPG'),
	(200498, '01PDYPG'),
	(200505, '01PDYPG'),
	(200507, '01PDYPG'),
	(200516, '01PDYPG'),
	(200539, '01PDYPG'),
	(200543, '01PDYPG'),
	(200546, '01PDYPG'),
	(200564, '01PDYPG'),
	(200576, '01PDYPG'),
	(200597, '01PDYPG'),
	(200598, '01PDYPG'),
	(200600, '01PDYPG'),
	(200622, '01PDYPG'),
	(200625, '01PDYPG'),
	(200626, '01PDYPG'),
	(200629, '01PDYPG'),
	(200630, '01PDYPG'),
	(179495, '01PDZPG'),
	(181259, '01PDZPG'),
	(181260, '01PDZPG'),
	(181263, '01PDZPG'),
	(181964, '01PDZPG'),
	(183981, '01PDZPG'),
	(184455, '01PDZPG'),
	(185758, '01PDZPG'),
	(185951, '01PDZPG'),
	(186641, '01PDZPG'),
	(186820, '01PDZPG'),
	(186980, '01PDZPG'),
	(187381, '01PDZPG'),
	(187505, '01PDZPG'),
	(187895, '01PDZPG'),
	(188127, '01PDZPG'),
	(188141, '01PDZPG'),
	(188143, '01PDZPG'),
	(188144, '01PDZPG'),
	(188152, '01PDZPG'),
	(188161, '01PDZPG'),
	(188162, '01PDZPG'),
	(188165, '01PDZPG'),
	(188245, '01PDZPG'),
	(188246, '01PDZPG'),
	(188303, '01PDZPG'),
	(188431, '01PDZPG'),
	(188444, '01PDZPG'),
	(188625, '01PDZPG'),
	(188626, '01PDZPG'),
	(189023, '01PDZPG'),
	(189074, '01PDZPG'),
	(189116, '01PDZPG'),
	(190479, '01PDZPG'),
	(190557, '01PDZPG'),
	(190577, '01PDZPG'),
	(190607, '01PDZPG'),
	(190663, '01PDZPG'),
	(190664, '01PDZPG'),
	(190753, '01PDZPG'),
	(190833, '01PDZPG'),
	(197208, '01PDZPG'),
	(197220, '01PDZPG'),
	(170443, '02ANYPG'),
	(170479, '02ANYPG'),
	(175661, '02ANYPG'),
	(177824, '02ANYPG'),
	(178907, '02ANYPG'),
	(178991, '02ANYPG'),
	(179058, '02ANYPG'),
	(179069, '02ANYPG'),
	(179156, '02ANYPG'),
	(179430, '02ANYPG'),
	(179431, '02ANYPG'),
	(179458, '02ANYPG'),
	(179495, '02ANYPG'),
	(179502, '02ANYPG'),
	(179549, '02ANYPG'),
	(179710, '02ANYPG'),
	(179907, '02ANYPG'),
	(179980, '02ANYPG'),
	(179996, '02ANYPG'),
	(180015, '02ANYPG'),
	(180046, '02ANYPG'),
	(180053, '02ANYPG'),
	(180054, '02ANYPG'),
	(180059, '02ANYPG'),
	(180102, '02ANYPG'),
	(180179, '02ANYPG'),
	(180197, '02ANYPG'),
	(181138, '02ANYPG'),
	(181263, '02ANYPG'),
	(181265, '02ANYPG'),
	(181269, '02ANYPG'),
	(181956, '02ANYPG'),
	(181964, '02ANYPG'),
	(182637, '02ANYPG'),
	(182642, '02ANYPG'),
	(182704, '02ANYPG'),
	(183989, '02ANYPG'),
	(184887, '02ANYPG'),
	(185951, '02ANYPG'),
	(186084, '02ANYPG'),
	(186758, '02ANYPG'),
	(186820, '02ANYPG'),
	(186930, '02ANYPG'),
	(187034, '02ANYPG'),
	(187239, '02ANYPG'),
	(187260, '02ANYPG'),
	(187370, '02ANYPG'),
	(187377, '02ANYPG'),
	(187381, '02ANYPG'),
	(187448, '02ANYPG'),
	(187450, '02ANYPG'),
	(187500, '02ANYPG'),
	(187504, '02ANYPG'),
	(187505, '02ANYPG'),
	(187596, '02ANYPG'),
	(187657, '02ANYPG'),
	(187869, '02ANYPG'),
	(187875, '02ANYPG'),
	(188020, '02ANYPG'),
	(188051, '02ANYPG'),
	(188071, '02ANYPG'),
	(188119, '02ANYPG'),
	(188120, '02ANYPG'),
	(188124, '02ANYPG'),
	(188127, '02ANYPG'),
	(188144, '02ANYPG'),
	(188160, '02ANYPG'),
	(188161, '02ANYPG'),
	(188163, '02ANYPG'),
	(188164, '02ANYPG'),
	(188207, '02ANYPG'),
	(188239, '02ANYPG'),
	(188258, '02ANYPG'),
	(188276, '02ANYPG'),
	(188298, '02ANYPG'),
	(188308, '02ANYPG'),
	(188319, '02ANYPG'),
	(188405, '02ANYPG'),
	(188420, '02ANYPG'),
	(188474, '02ANYPG'),
	(188535, '02ANYPG'),
	(188561, '02ANYPG'),
	(188626, '02ANYPG'),
	(188943, '02ANYPG'),
	(189017, '02ANYPG'),
	(189028, '02ANYPG'),
	(189039, '02ANYPG'),
	(189044, '02ANYPG'),
	(189100, '02ANYPG'),
	(189108, '02ANYPG'),
	(189120, '02ANYPG'),
	(189124, '02ANYPG'),
	(189125, '02ANYPG'),
	(189174, '02ANYPG'),
	(189539, '02ANYPG'),
	(189634, '02ANYPG'),
	(190009, '02ANYPG'),
	(190010, '02ANYPG'),
	(190172, '02ANYPG'),
	(190303, '02ANYPG'),
	(190323, '02ANYPG'),
	(190325, '02ANYPG'),
	(190428, '02ANYPG'),
	(190472, '02ANYPG'),
	(190482, '02ANYPG'),
	(190485, '02ANYPG'),
	(190492, '02ANYPG'),
	(190503, '02ANYPG'),
	(190512, '02ANYPG'),
	(190527, '02ANYPG'),
	(190528, '02ANYPG'),
	(190529, '02ANYPG'),
	(190539, '02ANYPG'),
	(190551, '02ANYPG'),
	(190558, '02ANYPG'),
	(190570, '02ANYPG'),
	(190573, '02ANYPG'),
	(190577, '02ANYPG'),
	(190579, '02ANYPG'),
	(190582, '02ANYPG'),
	(190584, '02ANYPG'),
	(190585, '02ANYPG'),
	(190600, '02ANYPG'),
	(190607, '02ANYPG'),
	(190617, '02ANYPG'),
	(190619, '02ANYPG'),
	(190628, '02ANYPG'),
	(190632, '02ANYPG'),
	(190633, '02ANYPG'),
	(190635, '02ANYPG'),
	(190641, '02ANYPG'),
	(190666, '02ANYPG'),
	(190667, '02ANYPG'),
	(190673, '02ANYPG'),
	(190679, '02ANYPG'),
	(190706, '02ANYPG'),
	(190722, '02ANYPG'),
	(190753, '02ANYPG'),
	(190824, '02ANYPG'),
	(190835, '02ANYPG'),
	(190857, '02ANYPG'),
	(191971, '02ANYPG'),
	(192248, '02ANYPG'),
	(192314, '02ANYPG'),
	(192453, '02ANYPG'),
	(192686, '02ANYPG'),
	(192806, '02ANYPG'),
	(192811, '02ANYPG'),
	(192910, '02ANYPG'),
	(192959, '02ANYPG'),
	(192978, '02ANYPG'),
	(193084, '02ANYPG'),
	(193115, '02ANYPG'),
	(193119, '02ANYPG'),
	(193155, '02ANYPG'),
	(193156, '02ANYPG'),
	(193733, '02ANYPG'),
	(193922, '02ANYPG'),
	(194139, '02ANYPG'),
	(194140, '02ANYPG'),
	(194386, '02ANYPG'),
	(194392, '02ANYPG'),
	(195779, '02ANYPG'),
	(195836, '02ANYPG'),
	(195851, '02ANYPG'),
	(195903, '02ANYPG'),
	(196268, '02ANYPG'),
	(196736, '02ANYPG'),
	(196888, '02ANYPG'),
	(196922, '02ANYPG'),
	(196931, '02ANYPG'),
	(197005, '02ANYPG'),
	(197176, '02ANYPG'),
	(197220, '02ANYPG'),
	(197227, '02ANYPG'),
	(197247, '02ANYPG'),
	(197256, '02ANYPG'),
	(197295, '02ANYPG'),
	(197309, '02ANYPG'),
	(197323, '02ANYPG'),
	(197342, '02ANYPG'),
	(197433, '02ANYPG'),
	(197438, '02ANYPG'),
	(197532, '02ANYPG'),
	(197533, '02ANYPG'),
	(197534, '02ANYPG'),
	(197591, '02ANYPG'),
	(197597, '02ANYPG'),
	(197622, '02ANYPG'),
	(197635, '02ANYPG'),
	(197695, '02ANYPG'),
	(197711, '02ANYPG'),
	(197716, '02ANYPG'),
	(197719, '02ANYPG'),
	(197724, '02ANYPG'),
	(197726, '02ANYPG'),
	(197768, '02ANYPG'),
	(197795, '02ANYPG'),
	(197821, '02ANYPG'),
	(197837, '02ANYPG'),
	(197897, '02ANYPG'),
	(197900, '02ANYPG'),
	(197917, '02ANYPG'),
	(197950, '02ANYPG'),
	(197951, '02ANYPG'),
	(197956, '02ANYPG'),
	(197959, '02ANYPG'),
	(197981, '02ANYPG'),
	(197989, '02ANYPG'),
	(197990, '02ANYPG'),
	(197993, '02ANYPG'),
	(198019, '02ANYPG'),
	(198028, '02ANYPG'),
	(198030, '02ANYPG'),
	(198035, '02ANYPG'),
	(198036, '02ANYPG'),
	(198041, '02ANYPG'),
	(198042, '02ANYPG'),
	(198047, '02ANYPG'),
	(198057, '02ANYPG'),
	(198065, '02ANYPG'),
	(198079, '02ANYPG'),
	(198117, '02ANYPG'),
	(198121, '02ANYPG'),
	(198131, '02ANYPG'),
	(198135, '02ANYPG'),
	(198136, '02ANYPG'),
	(198138, '02ANYPG'),
	(198145, '02ANYPG'),
	(198147, '02ANYPG'),
	(198151, '02ANYPG'),
	(198154, '02ANYPG'),
	(198166, '02ANYPG'),
	(198168, '02ANYPG'),
	(198171, '02ANYPG'),
	(198175, '02ANYPG'),
	(198198, '02ANYPG'),
	(198209, '02ANYPG'),
	(198251, '02ANYPG'),
	(198254, '02ANYPG'),
	(198255, '02ANYPG'),
	(198285, '02ANYPG'),
	(198372, '02ANYPG'),
	(198392, '02ANYPG'),
	(198393, '02ANYPG'),
	(198394, '02ANYPG'),
	(198430, '02ANYPG'),
	(198432, '02ANYPG'),
	(198453, '02ANYPG'),
	(198457, '02ANYPG'),
	(198468, '02ANYPG'),
	(198493, '02ANYPG'),
	(198510, '02ANYPG'),
	(198511, '02ANYPG'),
	(198522, '02ANYPG'),
	(198547, '02ANYPG'),
	(198571, '02ANYPG'),
	(198574, '02ANYPG'),
	(198579, '02ANYPG'),
	(198582, '02ANYPG'),
	(198592, '02ANYPG'),
	(198613, '02ANYPG'),
	(198618, '02ANYPG'),
	(198621, '02ANYPG'),
	(198627, '02ANYPG'),
	(198643, '02ANYPG'),
	(198647, '02ANYPG'),
	(198672, '02ANYPG'),
	(198675, '02ANYPG'),
	(198731, '02ANYPG'),
	(198777, '02ANYPG'),
	(198804, '02ANYPG'),
	(198825, '02ANYPG'),
	(198829, '02ANYPG'),
	(198857, '02ANYPG'),
	(198869, '02ANYPG'),
	(198916, '02ANYPG'),
	(198928, '02ANYPG'),
	(198935, '02ANYPG'),
	(198944, '02ANYPG'),
	(198948, '02ANYPG'),
	(198949, '02ANYPG'),
	(198950, '02ANYPG'),
	(198952, '02ANYPG'),
	(198964, '02ANYPG'),
	(198966, '02ANYPG'),
	(198970, '02ANYPG'),
	(198978, '02ANYPG'),
	(198994, '02ANYPG'),
	(198996, '02ANYPG'),
	(198997, '02ANYPG'),
	(199003, '02ANYPG'),
	(199005, '02ANYPG'),
	(199014, '02ANYPG'),
	(199015, '02ANYPG'),
	(199016, '02ANYPG'),
	(199021, '02ANYPG'),
	(199037, '02ANYPG'),
	(199041, '02ANYPG'),
	(199062, '02ANYPG'),
	(199151, '02ANYPG'),
	(199185, '02ANYPG'),
	(199280, '02ANYPG'),
	(199292, '02ANYPG'),
	(199298, '02ANYPG'),
	(199349, '02ANYPG'),
	(199565, '02ANYPG'),
	(199566, '02ANYPG'),
	(199585, '02ANYPG'),
	(199607, '02ANYPG'),
	(199655, '02ANYPG'),
	(199676, '02ANYPG'),
	(200050, '02ANYPG'),
	(200139, '02ANYPG'),
	(200191, '02ANYPG'),
	(200221, '02ANYPG'),
	(200237, '02ANYPG'),
	(200238, '02ANYPG'),
	(200242, '02ANYPG'),
	(200246, '02ANYPG'),
	(200249, '02ANYPG'),
	(200250, '02ANYPG'),
	(200290, '02ANYPG'),
	(200296, '02ANYPG'),
	(200310, '02ANYPG'),
	(200320, '02ANYPG'),
	(200323, '02ANYPG'),
	(200329, '02ANYPG'),
	(200331, '02ANYPG'),
	(200336, '02ANYPG'),
	(200337, '02ANYPG'),
	(200338, '02ANYPG'),
	(200360, '02ANYPG'),
	(200368, '02ANYPG'),
	(200374, '02ANYPG'),
	(200376, '02ANYPG'),
	(200400, '02ANYPG'),
	(200430, '02ANYPG'),
	(200442, '02ANYPG'),
	(200454, '02ANYPG'),
	(200456, '02ANYPG'),
	(200463, '02ANYPG'),
	(200482, '02ANYPG'),
	(200488, '02ANYPG'),
	(200496, '02ANYPG'),
	(200498, '02ANYPG'),
	(200505, '02ANYPG'),
	(200507, '02ANYPG'),
	(200516, '02ANYPG'),
	(200539, '02ANYPG'),
	(200543, '02ANYPG'),
	(200546, '02ANYPG'),
	(200564, '02ANYPG'),
	(200576, '02ANYPG'),
	(200577, '02ANYPG'),
	(200597, '02ANYPG'),
	(200598, '02ANYPG'),
	(200600, '02ANYPG'),
	(200622, '02ANYPG'),
	(200625, '02ANYPG'),
	(200626, '02ANYPG'),
	(200629, '02ANYPG'),
	(200630, '02ANYPG'),
	(151528, '02AQJPG'),
	(161245, '02AQJPG'),
	(164609, '02AQJPG'),
	(167754, '02AQJPG'),
	(168630, '02AQJPG'),
	(168718, '02AQJPG'),
	(169195, '02AQJPG'),
	(169787, '02AQJPG'),
	(170277, '02AQJPG'),
	(170435, '02AQJPG'),
	(170443, '02AQJPG'),
	(170447, '02AQJPG'),
	(170457, '02AQJPG'),
	(170478, '02AQJPG'),
	(170858, '02AQJPG'),
	(172458, '02AQJPG'),
	(174001, '02AQJPG'),
	(177176, '02AQJPG'),
	(177319, '02AQJPG'),
	(177382, '02AQJPG'),
	(177462, '02AQJPG'),
	(177471, '02AQJPG'),
	(177473, '02AQJPG'),
	(177487, '02AQJPG'),
	(177507, '02AQJPG'),
	(177525, '02AQJPG'),
	(177526, '02AQJPG'),
	(177540, '02AQJPG'),
	(177586, '02AQJPG'),
	(177599, '02AQJPG'),
	(177613, '02AQJPG'),
	(177642, '02AQJPG'),
	(177717, '02AQJPG'),
	(177757, '02AQJPG'),
	(177824, '02AQJPG'),
	(177896, '02AQJPG'),
	(177900, '02AQJPG'),
	(177913, '02AQJPG'),
	(178043, '02AQJPG'),
	(178079, '02AQJPG'),
	(178122, '02AQJPG'),
	(179060, '02AQJPG'),
	(179069, '02AQJPG'),
	(179174, '02AQJPG'),
	(179220, '02AQJPG'),
	(179431, '02AQJPG'),
	(179495, '02AQJPG'),
	(179502, '02AQJPG'),
	(179549, '02AQJPG'),
	(179710, '02AQJPG'),
	(179835, '02AQJPG'),
	(179886, '02AQJPG'),
	(179907, '02AQJPG'),
	(179912, '02AQJPG'),
	(179913, '02AQJPG'),
	(179917, '02AQJPG'),
	(179927, '02AQJPG'),
	(179943, '02AQJPG'),
	(179973, '02AQJPG'),
	(179975, '02AQJPG'),
	(179978, '02AQJPG'),
	(179986, '02AQJPG'),
	(179991, '02AQJPG'),
	(179993, '02AQJPG'),
	(179996, '02AQJPG'),
	(180014, '02AQJPG'),
	(180015, '02AQJPG'),
	(180028, '02AQJPG'),
	(180034, '02AQJPG'),
	(180054, '02AQJPG'),
	(180056, '02AQJPG'),
	(180059, '02AQJPG'),
	(180102, '02AQJPG'),
	(180177, '02AQJPG'),
	(180269, '02AQJPG'),
	(181138, '02AQJPG'),
	(181265, '02AQJPG'),
	(181269, '02AQJPG'),
	(181478, '02AQJPG'),
	(181635, '02AQJPG'),
	(181665, '02AQJPG'),
	(181677, '02AQJPG'),
	(181956, '02AQJPG'),
	(182109, '02AQJPG'),
	(182704, '02AQJPG'),
	(183745, '02AQJPG'),
	(183981, '02AQJPG'),
	(183989, '02AQJPG'),
	(184887, '02AQJPG'),
	(185349, '02AQJPG'),
	(185951, '02AQJPG'),
	(186092, '02AQJPG'),
	(186137, '02AQJPG'),
	(186758, '02AQJPG'),
	(186897, '02AQJPG'),
	(186930, '02AQJPG'),
	(186980, '02AQJPG'),
	(187034, '02AQJPG'),
	(187096, '02AQJPG'),
	(187239, '02AQJPG'),
	(187253, '02AQJPG'),
	(187405, '02AQJPG'),
	(187448, '02AQJPG'),
	(187450, '02AQJPG'),
	(187500, '02AQJPG'),
	(187504, '02AQJPG'),
	(187514, '02AQJPG'),
	(187587, '02AQJPG'),
	(187596, '02AQJPG'),
	(187657, '02AQJPG'),
	(187691, '02AQJPG'),
	(187745, '02AQJPG'),
	(187869, '02AQJPG'),
	(187875, '02AQJPG'),
	(187886, '02AQJPG'),
	(187941, '02AQJPG'),
	(187975, '02AQJPG'),
	(188020, '02AQJPG'),
	(188071, '02AQJPG'),
	(188120, '02AQJPG'),
	(188127, '02AQJPG'),
	(188141, '02AQJPG'),
	(188144, '02AQJPG'),
	(188152, '02AQJPG'),
	(188163, '02AQJPG'),
	(188164, '02AQJPG'),
	(188167, '02AQJPG'),
	(188185, '02AQJPG'),
	(188193, '02AQJPG'),
	(188200, '02AQJPG'),
	(188207, '02AQJPG'),
	(188239, '02AQJPG'),
	(188252, '02AQJPG'),
	(188258, '02AQJPG'),
	(188265, '02AQJPG'),
	(188276, '02AQJPG'),
	(188288, '02AQJPG'),
	(188298, '02AQJPG'),
	(188308, '02AQJPG'),
	(188319, '02AQJPG'),
	(188321, '02AQJPG'),
	(188405, '02AQJPG'),
	(188420, '02AQJPG'),
	(188431, '02AQJPG'),
	(188444, '02AQJPG'),
	(188470, '02AQJPG'),
	(188474, '02AQJPG'),
	(188535, '02AQJPG'),
	(188541, '02AQJPG'),
	(188550, '02AQJPG'),
	(188561, '02AQJPG'),
	(188579, '02AQJPG'),
	(188583, '02AQJPG'),
	(188625, '02AQJPG'),
	(188626, '02AQJPG'),
	(188628, '02AQJPG'),
	(188678, '02AQJPG'),
	(188680, '02AQJPG'),
	(188687, '02AQJPG'),
	(188770, '02AQJPG'),
	(188856, '02AQJPG'),
	(189017, '02AQJPG'),
	(189028, '02AQJPG'),
	(189035, '02AQJPG'),
	(189039, '02AQJPG'),
	(189042, '02AQJPG'),
	(189044, '02AQJPG'),
	(189046, '02AQJPG'),
	(189066, '02AQJPG'),
	(189074, '02AQJPG'),
	(189090, '02AQJPG'),
	(189116, '02AQJPG'),
	(189120, '02AQJPG'),
	(189124, '02AQJPG'),
	(189125, '02AQJPG'),
	(189161, '02AQJPG'),
	(189174, '02AQJPG'),
	(189539, '02AQJPG'),
	(189634, '02AQJPG'),
	(189939, '02AQJPG'),
	(189963, '02AQJPG'),
	(190009, '02AQJPG'),
	(190010, '02AQJPG'),
	(190027, '02AQJPG'),
	(190131, '02AQJPG'),
	(190303, '02AQJPG'),
	(190306, '02AQJPG'),
	(190323, '02AQJPG'),
	(190325, '02AQJPG'),
	(190418, '02AQJPG'),
	(190428, '02AQJPG'),
	(190472, '02AQJPG'),
	(190479, '02AQJPG'),
	(190480, '02AQJPG'),
	(190482, '02AQJPG'),
	(190489, '02AQJPG'),
	(190492, '02AQJPG'),
	(190502, '02AQJPG'),
	(190503, '02AQJPG'),
	(190512, '02AQJPG'),
	(190523, '02AQJPG'),
	(190527, '02AQJPG'),
	(190532, '02AQJPG'),
	(190538, '02AQJPG'),
	(190539, '02AQJPG'),
	(190551, '02AQJPG'),
	(190558, '02AQJPG'),
	(190560, '02AQJPG'),
	(190571, '02AQJPG'),
	(190577, '02AQJPG'),
	(190579, '02AQJPG'),
	(190582, '02AQJPG'),
	(190584, '02AQJPG'),
	(190585, '02AQJPG'),
	(190605, '02AQJPG'),
	(190612, '02AQJPG'),
	(190617, '02AQJPG'),
	(190632, '02AQJPG'),
	(190634, '02AQJPG'),
	(190641, '02AQJPG'),
	(190658, '02AQJPG'),
	(190660, '02AQJPG'),
	(190663, '02AQJPG'),
	(190664, '02AQJPG'),
	(190666, '02AQJPG'),
	(190667, '02AQJPG'),
	(190673, '02AQJPG'),
	(190706, '02AQJPG'),
	(190708, '02AQJPG'),
	(190710, '02AQJPG'),
	(190712, '02AQJPG'),
	(190715, '02AQJPG'),
	(190719, '02AQJPG'),
	(190722, '02AQJPG'),
	(190824, '02AQJPG'),
	(190833, '02AQJPG'),
	(190835, '02AQJPG'),
	(190857, '02AQJPG'),
	(191971, '02AQJPG'),
	(192248, '02AQJPG'),
	(192314, '02AQJPG'),
	(192453, '02AQJPG'),
	(192686, '02AQJPG'),
	(192789, '02AQJPG'),
	(192806, '02AQJPG'),
	(192811, '02AQJPG'),
	(192888, '02AQJPG'),
	(192910, '02AQJPG'),
	(192959, '02AQJPG'),
	(192978, '02AQJPG'),
	(193084, '02AQJPG'),
	(193115, '02AQJPG'),
	(193119, '02AQJPG'),
	(193155, '02AQJPG'),
	(193156, '02AQJPG'),
	(193733, '02AQJPG'),
	(193922, '02AQJPG'),
	(194139, '02AQJPG'),
	(194140, '02AQJPG'),
	(194386, '02AQJPG'),
	(194392, '02AQJPG'),
	(195779, '02AQJPG'),
	(195836, '02AQJPG'),
	(195851, '02AQJPG'),
	(195903, '02AQJPG'),
	(196268, '02AQJPG'),
	(196736, '02AQJPG'),
	(196888, '02AQJPG'),
	(196922, '02AQJPG'),
	(196931, '02AQJPG'),
	(197005, '02AQJPG'),
	(197176, '02AQJPG'),
	(197220, '02AQJPG'),
	(197227, '02AQJPG'),
	(197247, '02AQJPG'),
	(197256, '02AQJPG'),
	(197295, '02AQJPG'),
	(197309, '02AQJPG'),
	(197323, '02AQJPG'),
	(197342, '02AQJPG'),
	(197433, '02AQJPG'),
	(197438, '02AQJPG'),
	(197532, '02AQJPG'),
	(197533, '02AQJPG'),
	(197534, '02AQJPG'),
	(197591, '02AQJPG'),
	(197597, '02AQJPG'),
	(197622, '02AQJPG'),
	(197635, '02AQJPG'),
	(197695, '02AQJPG'),
	(197711, '02AQJPG'),
	(197716, '02AQJPG'),
	(197719, '02AQJPG'),
	(197724, '02AQJPG'),
	(197726, '02AQJPG'),
	(197768, '02AQJPG'),
	(197795, '02AQJPG'),
	(197821, '02AQJPG'),
	(197837, '02AQJPG'),
	(197897, '02AQJPG'),
	(197900, '02AQJPG'),
	(197917, '02AQJPG'),
	(197950, '02AQJPG'),
	(197951, '02AQJPG'),
	(197956, '02AQJPG'),
	(197959, '02AQJPG'),
	(197981, '02AQJPG'),
	(197989, '02AQJPG'),
	(197990, '02AQJPG'),
	(197993, '02AQJPG'),
	(198019, '02AQJPG'),
	(198028, '02AQJPG'),
	(198030, '02AQJPG'),
	(198035, '02AQJPG'),
	(198036, '02AQJPG'),
	(198041, '02AQJPG'),
	(198042, '02AQJPG'),
	(198047, '02AQJPG'),
	(198057, '02AQJPG'),
	(198065, '02AQJPG'),
	(198079, '02AQJPG'),
	(198117, '02AQJPG'),
	(198121, '02AQJPG'),
	(198131, '02AQJPG'),
	(198135, '02AQJPG'),
	(198136, '02AQJPG'),
	(198138, '02AQJPG'),
	(198145, '02AQJPG'),
	(198147, '02AQJPG'),
	(198151, '02AQJPG'),
	(198154, '02AQJPG'),
	(198166, '02AQJPG'),
	(198168, '02AQJPG'),
	(198171, '02AQJPG'),
	(198175, '02AQJPG'),
	(198198, '02AQJPG'),
	(198209, '02AQJPG'),
	(198251, '02AQJPG'),
	(198254, '02AQJPG'),
	(198255, '02AQJPG'),
	(198285, '02AQJPG'),
	(198372, '02AQJPG'),
	(198392, '02AQJPG'),
	(198393, '02AQJPG'),
	(198394, '02AQJPG'),
	(198430, '02AQJPG'),
	(198432, '02AQJPG'),
	(198453, '02AQJPG'),
	(198457, '02AQJPG'),
	(198468, '02AQJPG'),
	(198493, '02AQJPG'),
	(198510, '02AQJPG'),
	(198511, '02AQJPG'),
	(198522, '02AQJPG'),
	(198547, '02AQJPG'),
	(198571, '02AQJPG'),
	(198574, '02AQJPG'),
	(198579, '02AQJPG'),
	(198582, '02AQJPG'),
	(198592, '02AQJPG'),
	(198613, '02AQJPG'),
	(198618, '02AQJPG'),
	(198621, '02AQJPG'),
	(198627, '02AQJPG'),
	(198643, '02AQJPG'),
	(198647, '02AQJPG'),
	(198657, '02AQJPG'),
	(198672, '02AQJPG'),
	(198675, '02AQJPG'),
	(198731, '02AQJPG'),
	(198777, '02AQJPG'),
	(198804, '02AQJPG'),
	(198825, '02AQJPG'),
	(198829, '02AQJPG'),
	(198857, '02AQJPG'),
	(198869, '02AQJPG'),
	(198916, '02AQJPG'),
	(198928, '02AQJPG'),
	(198935, '02AQJPG'),
	(198944, '02AQJPG'),
	(198948, '02AQJPG'),
	(198949, '02AQJPG'),
	(198950, '02AQJPG'),
	(198952, '02AQJPG'),
	(198964, '02AQJPG'),
	(198966, '02AQJPG'),
	(198970, '02AQJPG'),
	(198978, '02AQJPG'),
	(198994, '02AQJPG'),
	(198996, '02AQJPG'),
	(198997, '02AQJPG'),
	(199003, '02AQJPG'),
	(199005, '02AQJPG'),
	(199014, '02AQJPG'),
	(199015, '02AQJPG'),
	(199016, '02AQJPG'),
	(199021, '02AQJPG'),
	(199037, '02AQJPG'),
	(199041, '02AQJPG'),
	(199062, '02AQJPG'),
	(199151, '02AQJPG'),
	(199185, '02AQJPG'),
	(199280, '02AQJPG'),
	(199292, '02AQJPG'),
	(199298, '02AQJPG'),
	(199349, '02AQJPG'),
	(199459, '02AQJPG'),
	(199565, '02AQJPG'),
	(199566, '02AQJPG'),
	(199585, '02AQJPG'),
	(199607, '02AQJPG'),
	(199655, '02AQJPG'),
	(199676, '02AQJPG'),
	(200050, '02AQJPG'),
	(200139, '02AQJPG'),
	(200191, '02AQJPG'),
	(200221, '02AQJPG'),
	(200237, '02AQJPG'),
	(200238, '02AQJPG'),
	(200242, '02AQJPG'),
	(200246, '02AQJPG'),
	(200249, '02AQJPG'),
	(200250, '02AQJPG'),
	(200290, '02AQJPG'),
	(200296, '02AQJPG'),
	(200310, '02AQJPG'),
	(200320, '02AQJPG'),
	(200323, '02AQJPG'),
	(200329, '02AQJPG'),
	(200331, '02AQJPG'),
	(200336, '02AQJPG'),
	(200337, '02AQJPG'),
	(200338, '02AQJPG'),
	(200360, '02AQJPG'),
	(200368, '02AQJPG'),
	(200374, '02AQJPG'),
	(200376, '02AQJPG'),
	(200400, '02AQJPG'),
	(200430, '02AQJPG'),
	(200442, '02AQJPG'),
	(200456, '02AQJPG'),
	(200463, '02AQJPG'),
	(200482, '02AQJPG'),
	(200488, '02AQJPG'),
	(200496, '02AQJPG'),
	(200498, '02AQJPG'),
	(200505, '02AQJPG'),
	(200507, '02AQJPG'),
	(200516, '02AQJPG'),
	(200539, '02AQJPG'),
	(200543, '02AQJPG'),
	(200546, '02AQJPG'),
	(200564, '02AQJPG'),
	(200576, '02AQJPG'),
	(200597, '02AQJPG'),
	(200598, '02AQJPG'),
	(200600, '02AQJPG'),
	(200622, '02AQJPG'),
	(200625, '02AQJPG'),
	(200626, '02AQJPG'),
	(200629, '02AQJPG'),
	(200630, '02AQJPG'),
	(146101, '02CIXPG'),
	(148072, '02CIXPG'),
	(154817, '02CIXPG'),
	(155459, '02CIXPG'),
	(155793, '02CIXPG'),
	(156087, '02CIXPG'),
	(158698, '02CIXPG'),
	(159818, '02CIXPG'),
	(166771, '02CIXPG'),
	(170450, '02CIXPG'),
	(178043, '02CIXPG'),
	(179468, '02CIXPG'),
	(180197, '02CIXPG'),
	(180269, '02CIXPG'),
	(181677, '02CIXPG'),
	(181964, '02CIXPG'),
	(183067, '02CIXPG'),
	(187405, '02CIXPG'),
	(187448, '02CIXPG'),
	(187450, '02CIXPG'),
	(187686, '02CIXPG'),
	(187941, '02CIXPG'),
	(188151, '02CIXPG'),
	(188200, '02CIXPG'),
	(188405, '02CIXPG'),
	(188444, '02CIXPG'),
	(188626, '02CIXPG'),
	(188687, '02CIXPG'),
	(189100, '02CIXPG'),
	(189108, '02CIXPG'),
	(189737, '02CIXPG'),
	(189844, '02CIXPG'),
	(189963, '02CIXPG'),
	(190009, '02CIXPG'),
	(190010, '02CIXPG'),
	(190131, '02CIXPG'),
	(190170, '02CIXPG'),
	(190297, '02CIXPG'),
	(190303, '02CIXPG'),
	(190306, '02CIXPG'),
	(190323, '02CIXPG'),
	(190325, '02CIXPG'),
	(190418, '02CIXPG'),
	(190428, '02CIXPG'),
	(190472, '02CIXPG'),
	(190502, '02CIXPG'),
	(190527, '02CIXPG'),
	(190529, '02CIXPG'),
	(190538, '02CIXPG'),
	(190573, '02CIXPG'),
	(190577, '02CIXPG'),
	(190582, '02CIXPG'),
	(190584, '02CIXPG'),
	(190587, '02CIXPG'),
	(190605, '02CIXPG'),
	(190612, '02CIXPG'),
	(190617, '02CIXPG'),
	(190619, '02CIXPG'),
	(190658, '02CIXPG'),
	(190663, '02CIXPG'),
	(190706, '02CIXPG'),
	(190708, '02CIXPG'),
	(190824, '02CIXPG'),
	(190857, '02CIXPG'),
	(192248, '02CIXPG'),
	(192314, '02CIXPG'),
	(192453, '02CIXPG'),
	(192686, '02CIXPG'),
	(192806, '02CIXPG'),
	(192811, '02CIXPG'),
	(192910, '02CIXPG'),
	(192959, '02CIXPG'),
	(192978, '02CIXPG'),
	(192980, '02CIXPG'),
	(193084, '02CIXPG'),
	(193115, '02CIXPG'),
	(193119, '02CIXPG'),
	(193155, '02CIXPG'),
	(193156, '02CIXPG'),
	(193733, '02CIXPG'),
	(193922, '02CIXPG'),
	(194139, '02CIXPG'),
	(194140, '02CIXPG'),
	(194386, '02CIXPG'),
	(194392, '02CIXPG'),
	(195779, '02CIXPG'),
	(195836, '02CIXPG'),
	(195851, '02CIXPG'),
	(195903, '02CIXPG'),
	(196043, '02CIXPG'),
	(196268, '02CIXPG'),
	(196736, '02CIXPG'),
	(196888, '02CIXPG'),
	(196922, '02CIXPG'),
	(196931, '02CIXPG'),
	(197005, '02CIXPG'),
	(197176, '02CIXPG'),
	(197220, '02CIXPG'),
	(197227, '02CIXPG'),
	(197247, '02CIXPG'),
	(197256, '02CIXPG'),
	(197295, '02CIXPG'),
	(197309, '02CIXPG'),
	(197323, '02CIXPG'),
	(197342, '02CIXPG'),
	(197433, '02CIXPG'),
	(197438, '02CIXPG'),
	(197532, '02CIXPG'),
	(197533, '02CIXPG'),
	(197534, '02CIXPG'),
	(197591, '02CIXPG'),
	(197597, '02CIXPG'),
	(197622, '02CIXPG'),
	(197635, '02CIXPG'),
	(197695, '02CIXPG'),
	(197711, '02CIXPG'),
	(197716, '02CIXPG'),
	(197719, '02CIXPG'),
	(197724, '02CIXPG'),
	(197726, '02CIXPG'),
	(197768, '02CIXPG'),
	(197795, '02CIXPG'),
	(197821, '02CIXPG'),
	(197837, '02CIXPG'),
	(197897, '02CIXPG'),
	(197900, '02CIXPG'),
	(197917, '02CIXPG'),
	(197950, '02CIXPG'),
	(197951, '02CIXPG'),
	(197956, '02CIXPG'),
	(197959, '02CIXPG'),
	(197981, '02CIXPG'),
	(197989, '02CIXPG'),
	(197990, '02CIXPG'),
	(197993, '02CIXPG'),
	(198019, '02CIXPG'),
	(198028, '02CIXPG'),
	(198030, '02CIXPG'),
	(198035, '02CIXPG'),
	(198036, '02CIXPG'),
	(198041, '02CIXPG'),
	(198042, '02CIXPG'),
	(198047, '02CIXPG'),
	(198057, '02CIXPG'),
	(198065, '02CIXPG'),
	(198079, '02CIXPG'),
	(198117, '02CIXPG'),
	(198121, '02CIXPG'),
	(198131, '02CIXPG'),
	(198135, '02CIXPG'),
	(198136, '02CIXPG'),
	(198138, '02CIXPG'),
	(198145, '02CIXPG'),
	(198147, '02CIXPG'),
	(198151, '02CIXPG'),
	(198154, '02CIXPG'),
	(198166, '02CIXPG'),
	(198168, '02CIXPG'),
	(198171, '02CIXPG'),
	(198175, '02CIXPG'),
	(198198, '02CIXPG'),
	(198209, '02CIXPG'),
	(198251, '02CIXPG'),
	(198254, '02CIXPG'),
	(198255, '02CIXPG'),
	(198285, '02CIXPG'),
	(198372, '02CIXPG'),
	(198392, '02CIXPG'),
	(198393, '02CIXPG'),
	(198394, '02CIXPG'),
	(198430, '02CIXPG'),
	(198432, '02CIXPG'),
	(198453, '02CIXPG'),
	(198457, '02CIXPG'),
	(198468, '02CIXPG'),
	(198493, '02CIXPG'),
	(198510, '02CIXPG'),
	(198511, '02CIXPG'),
	(198522, '02CIXPG'),
	(198547, '02CIXPG'),
	(198571, '02CIXPG'),
	(198574, '02CIXPG'),
	(198579, '02CIXPG'),
	(198582, '02CIXPG'),
	(198592, '02CIXPG'),
	(198613, '02CIXPG'),
	(198618, '02CIXPG'),
	(198621, '02CIXPG'),
	(198627, '02CIXPG'),
	(198643, '02CIXPG'),
	(198647, '02CIXPG'),
	(198672, '02CIXPG'),
	(198675, '02CIXPG'),
	(198731, '02CIXPG'),
	(198777, '02CIXPG'),
	(198804, '02CIXPG'),
	(198825, '02CIXPG'),
	(198829, '02CIXPG'),
	(198857, '02CIXPG'),
	(198869, '02CIXPG'),
	(198916, '02CIXPG'),
	(198928, '02CIXPG'),
	(198935, '02CIXPG'),
	(198944, '02CIXPG'),
	(198948, '02CIXPG'),
	(198949, '02CIXPG'),
	(198950, '02CIXPG'),
	(198964, '02CIXPG'),
	(198966, '02CIXPG'),
	(198970, '02CIXPG'),
	(198978, '02CIXPG'),
	(198994, '02CIXPG'),
	(198996, '02CIXPG'),
	(198997, '02CIXPG'),
	(199003, '02CIXPG'),
	(199005, '02CIXPG'),
	(199014, '02CIXPG'),
	(199015, '02CIXPG'),
	(199016, '02CIXPG'),
	(199021, '02CIXPG'),
	(199037, '02CIXPG'),
	(199041, '02CIXPG'),
	(199062, '02CIXPG'),
	(199151, '02CIXPG'),
	(199185, '02CIXPG'),
	(199280, '02CIXPG'),
	(199292, '02CIXPG'),
	(199298, '02CIXPG'),
	(199349, '02CIXPG'),
	(146101, '02PBVPG'),
	(148072, '02PBVPG'),
	(154817, '02PBVPG'),
	(155459, '02PBVPG'),
	(155793, '02PBVPG'),
	(156087, '02PBVPG'),
	(158698, '02PBVPG'),
	(166771, '02PBVPG'),
	(179980, '02PBVPG'),
	(180102, '02PBVPG'),
	(183067, '02PBVPG'),
	(188200, '02PBVPG'),
	(189939, '02PBVPG'),
	(190009, '02PBVPG'),
	(190010, '02PBVPG'),
	(190027, '02PBVPG'),
	(190131, '02PBVPG'),
	(190170, '02PBVPG'),
	(190297, '02PBVPG'),
	(190303, '02PBVPG'),
	(190306, '02PBVPG'),
	(190323, '02PBVPG'),
	(190325, '02PBVPG'),
	(190418, '02PBVPG'),
	(190428, '02PBVPG'),
	(190529, '02PBVPG'),
	(190538, '02PBVPG'),
	(190577, '02PBVPG'),
	(190582, '02PBVPG'),
	(190584, '02PBVPG'),
	(190632, '02PBVPG'),
	(190658, '02PBVPG'),
	(190663, '02PBVPG'),
	(190708, '02PBVPG'),
	(190710, '02PBVPG'),
	(190824, '02PBVPG'),
	(192248, '02PBVPG'),
	(192314, '02PBVPG'),
	(192453, '02PBVPG'),
	(192647, '02PBVPG'),
	(192686, '02PBVPG'),
	(192793, '02PBVPG'),
	(192806, '02PBVPG'),
	(192811, '02PBVPG'),
	(192910, '02PBVPG'),
	(192959, '02PBVPG'),
	(192978, '02PBVPG'),
	(193084, '02PBVPG'),
	(193115, '02PBVPG'),
	(193119, '02PBVPG'),
	(193155, '02PBVPG'),
	(193156, '02PBVPG'),
	(193733, '02PBVPG'),
	(193922, '02PBVPG'),
	(194139, '02PBVPG'),
	(194140, '02PBVPG'),
	(194386, '02PBVPG'),
	(194392, '02PBVPG'),
	(195779, '02PBVPG'),
	(195836, '02PBVPG'),
	(195851, '02PBVPG'),
	(195903, '02PBVPG'),
	(196268, '02PBVPG'),
	(196736, '02PBVPG'),
	(196888, '02PBVPG'),
	(196922, '02PBVPG'),
	(196931, '02PBVPG'),
	(197005, '02PBVPG'),
	(197176, '02PBVPG'),
	(197220, '02PBVPG'),
	(197227, '02PBVPG'),
	(197247, '02PBVPG'),
	(197256, '02PBVPG'),
	(197295, '02PBVPG'),
	(197309, '02PBVPG'),
	(197323, '02PBVPG'),
	(197342, '02PBVPG'),
	(197433, '02PBVPG'),
	(197438, '02PBVPG'),
	(197532, '02PBVPG'),
	(197533, '02PBVPG'),
	(197534, '02PBVPG'),
	(197591, '02PBVPG'),
	(197597, '02PBVPG'),
	(197622, '02PBVPG'),
	(197635, '02PBVPG'),
	(197695, '02PBVPG'),
	(197711, '02PBVPG'),
	(197716, '02PBVPG'),
	(197719, '02PBVPG'),
	(197724, '02PBVPG'),
	(197726, '02PBVPG'),
	(197768, '02PBVPG'),
	(197795, '02PBVPG'),
	(197821, '02PBVPG'),
	(197837, '02PBVPG'),
	(197897, '02PBVPG'),
	(197900, '02PBVPG'),
	(197917, '02PBVPG'),
	(197950, '02PBVPG'),
	(197951, '02PBVPG'),
	(197956, '02PBVPG'),
	(197959, '02PBVPG'),
	(197981, '02PBVPG'),
	(197989, '02PBVPG'),
	(197990, '02PBVPG'),
	(197993, '02PBVPG'),
	(198019, '02PBVPG'),
	(198028, '02PBVPG'),
	(198030, '02PBVPG'),
	(198035, '02PBVPG'),
	(198036, '02PBVPG'),
	(198041, '02PBVPG'),
	(198042, '02PBVPG'),
	(198047, '02PBVPG'),
	(198057, '02PBVPG'),
	(198065, '02PBVPG'),
	(198079, '02PBVPG'),
	(198117, '02PBVPG'),
	(198121, '02PBVPG'),
	(198131, '02PBVPG'),
	(198135, '02PBVPG'),
	(198136, '02PBVPG'),
	(198138, '02PBVPG'),
	(198145, '02PBVPG'),
	(198147, '02PBVPG'),
	(198151, '02PBVPG'),
	(198154, '02PBVPG'),
	(198166, '02PBVPG'),
	(198168, '02PBVPG'),
	(198171, '02PBVPG'),
	(198175, '02PBVPG'),
	(198198, '02PBVPG'),
	(198209, '02PBVPG'),
	(198251, '02PBVPG'),
	(198254, '02PBVPG'),
	(198255, '02PBVPG'),
	(198285, '02PBVPG'),
	(198356, '02PBVPG'),
	(198372, '02PBVPG'),
	(198392, '02PBVPG'),
	(198393, '02PBVPG'),
	(198394, '02PBVPG'),
	(198430, '02PBVPG'),
	(198432, '02PBVPG'),
	(198453, '02PBVPG'),
	(198457, '02PBVPG'),
	(198468, '02PBVPG'),
	(198493, '02PBVPG'),
	(198510, '02PBVPG'),
	(198511, '02PBVPG'),
	(198522, '02PBVPG'),
	(198547, '02PBVPG'),
	(198571, '02PBVPG'),
	(198574, '02PBVPG'),
	(198579, '02PBVPG'),
	(198582, '02PBVPG'),
	(198592, '02PBVPG'),
	(198613, '02PBVPG'),
	(198618, '02PBVPG'),
	(198621, '02PBVPG'),
	(198627, '02PBVPG'),
	(198643, '02PBVPG'),
	(198647, '02PBVPG'),
	(198657, '02PBVPG'),
	(198672, '02PBVPG'),
	(198675, '02PBVPG'),
	(198731, '02PBVPG'),
	(198777, '02PBVPG'),
	(198804, '02PBVPG'),
	(198825, '02PBVPG'),
	(198829, '02PBVPG'),
	(198857, '02PBVPG'),
	(198869, '02PBVPG'),
	(198916, '02PBVPG'),
	(198928, '02PBVPG'),
	(198935, '02PBVPG'),
	(198944, '02PBVPG'),
	(198948, '02PBVPG'),
	(198949, '02PBVPG'),
	(198950, '02PBVPG'),
	(198964, '02PBVPG'),
	(198966, '02PBVPG'),
	(198970, '02PBVPG'),
	(198978, '02PBVPG'),
	(198994, '02PBVPG'),
	(198996, '02PBVPG'),
	(198997, '02PBVPG'),
	(199003, '02PBVPG'),
	(199005, '02PBVPG'),
	(199014, '02PBVPG'),
	(199015, '02PBVPG'),
	(199016, '02PBVPG'),
	(199021, '02PBVPG'),
	(199037, '02PBVPG'),
	(199041, '02PBVPG'),
	(199062, '02PBVPG'),
	(199151, '02PBVPG'),
	(199185, '02PBVPG'),
	(199280, '02PBVPG'),
	(199292, '02PBVPG'),
	(199298, '02PBVPG'),
	(199349, '02PBVPG'),
	(200050, '02PBVPG'),
	(200221, '02PBVPG'),
	(200237, '02PBVPG'),
	(200246, '02PBVPG'),
	(200249, '02PBVPG'),
	(200278, '02PBVPG'),
	(200290, '02PBVPG'),
	(200296, '02PBVPG'),
	(200310, '02PBVPG'),
	(200320, '02PBVPG'),
	(200329, '02PBVPG'),
	(200336, '02PBVPG'),
	(200376, '02PBVPG'),
	(200482, '02PBVPG'),
	(200488, '02PBVPG'),
	(200543, '02PBVPG'),
	(200597, '02PBVPG'),
	(200600, '02PBVPG'),
	(200622, '02PBVPG'),
	(172256, '09AQGNG'),
	(182751, '09AQGNG'),
	(188233, '09AQGNG'),
	(189920, '09AQGNG'),
	(190449, '09AQGNG'),
	(190536, '09AQGNG'),
	(190549, '09AQGNG'),
	(191870, '09AQGNG'),
	(192980, '09AQGNG'),
	(196043, '09AQGNG'),
	(197208, '09AQGNG'),
	(198205, '09AQGNG'),
	(198314, '09AQGNG'),
	(198397, '09AQGNG'),
	(199202, '09AQGNG'),
	(146101, '09AQGPG'),
	(148072, '09AQGPG'),
	(154817, '09AQGPG'),
	(155459, '09AQGPG'),
	(155793, '09AQGPG'),
	(156087, '09AQGPG'),
	(158698, '09AQGPG'),
	(159818, '09AQGPG'),
	(166771, '09AQGPG'),
	(179980, '09AQGPG'),
	(180046, '09AQGPG'),
	(180102, '09AQGPG'),
	(183067, '09AQGPG'),
	(188200, '09AQGPG'),
	(188216, '09AQGPG'),
	(188817, '09AQGPG'),
	(189939, '09AQGPG'),
	(189963, '09AQGPG'),
	(190009, '09AQGPG'),
	(190010, '09AQGPG'),
	(190131, '09AQGPG'),
	(190170, '09AQGPG'),
	(190297, '09AQGPG'),
	(190303, '09AQGPG'),
	(190323, '09AQGPG'),
	(190325, '09AQGPG'),
	(190418, '09AQGPG'),
	(190428, '09AQGPG'),
	(190529, '09AQGPG'),
	(190538, '09AQGPG'),
	(190577, '09AQGPG'),
	(190582, '09AQGPG'),
	(190584, '09AQGPG'),
	(190605, '09AQGPG'),
	(190658, '09AQGPG'),
	(190663, '09AQGPG'),
	(190708, '09AQGPG'),
	(190710, '09AQGPG'),
	(190824, '09AQGPG'),
	(192248, '09AQGPG'),
	(192314, '09AQGPG'),
	(192453, '09AQGPG'),
	(192686, '09AQGPG'),
	(192793, '09AQGPG'),
	(192806, '09AQGPG'),
	(192811, '09AQGPG'),
	(192910, '09AQGPG'),
	(192959, '09AQGPG'),
	(192978, '09AQGPG'),
	(193084, '09AQGPG'),
	(193115, '09AQGPG'),
	(193119, '09AQGPG'),
	(193155, '09AQGPG'),
	(193156, '09AQGPG'),
	(193733, '09AQGPG'),
	(193922, '09AQGPG'),
	(194139, '09AQGPG'),
	(194140, '09AQGPG'),
	(194386, '09AQGPG'),
	(194392, '09AQGPG'),
	(195779, '09AQGPG'),
	(195836, '09AQGPG'),
	(195851, '09AQGPG'),
	(195903, '09AQGPG'),
	(196268, '09AQGPG'),
	(196736, '09AQGPG'),
	(196888, '09AQGPG'),
	(196922, '09AQGPG'),
	(196931, '09AQGPG'),
	(197005, '09AQGPG'),
	(197176, '09AQGPG'),
	(197220, '09AQGPG'),
	(197227, '09AQGPG'),
	(197247, '09AQGPG'),
	(197256, '09AQGPG'),
	(197295, '09AQGPG'),
	(197309, '09AQGPG'),
	(197323, '09AQGPG'),
	(197342, '09AQGPG'),
	(197433, '09AQGPG'),
	(197438, '09AQGPG'),
	(197532, '09AQGPG'),
	(197533, '09AQGPG'),
	(197534, '09AQGPG'),
	(197591, '09AQGPG'),
	(197597, '09AQGPG'),
	(197622, '09AQGPG'),
	(197635, '09AQGPG'),
	(197695, '09AQGPG'),
	(197711, '09AQGPG'),
	(197716, '09AQGPG'),
	(197719, '09AQGPG'),
	(197724, '09AQGPG'),
	(197726, '09AQGPG'),
	(197768, '09AQGPG'),
	(197795, '09AQGPG'),
	(197821, '09AQGPG'),
	(197837, '09AQGPG'),
	(197897, '09AQGPG'),
	(197900, '09AQGPG'),
	(197917, '09AQGPG'),
	(197950, '09AQGPG'),
	(197951, '09AQGPG'),
	(197956, '09AQGPG'),
	(197959, '09AQGPG'),
	(197981, '09AQGPG'),
	(197989, '09AQGPG'),
	(197990, '09AQGPG'),
	(197993, '09AQGPG'),
	(198019, '09AQGPG'),
	(198028, '09AQGPG'),
	(198030, '09AQGPG'),
	(198035, '09AQGPG'),
	(198036, '09AQGPG'),
	(198041, '09AQGPG'),
	(198042, '09AQGPG'),
	(198047, '09AQGPG'),
	(198057, '09AQGPG'),
	(198065, '09AQGPG'),
	(198079, '09AQGPG'),
	(198117, '09AQGPG'),
	(198121, '09AQGPG'),
	(198131, '09AQGPG'),
	(198135, '09AQGPG'),
	(198136, '09AQGPG'),
	(198138, '09AQGPG'),
	(198145, '09AQGPG'),
	(198147, '09AQGPG'),
	(198151, '09AQGPG'),
	(198154, '09AQGPG'),
	(198166, '09AQGPG'),
	(198168, '09AQGPG'),
	(198171, '09AQGPG'),
	(198175, '09AQGPG'),
	(198198, '09AQGPG'),
	(198209, '09AQGPG'),
	(198251, '09AQGPG'),
	(198254, '09AQGPG'),
	(198255, '09AQGPG'),
	(198285, '09AQGPG'),
	(198356, '09AQGPG'),
	(198372, '09AQGPG'),
	(198392, '09AQGPG'),
	(198393, '09AQGPG'),
	(198394, '09AQGPG'),
	(198430, '09AQGPG'),
	(198432, '09AQGPG'),
	(198453, '09AQGPG'),
	(198457, '09AQGPG'),
	(198468, '09AQGPG'),
	(198493, '09AQGPG'),
	(198510, '09AQGPG'),
	(198511, '09AQGPG'),
	(198522, '09AQGPG'),
	(198547, '09AQGPG'),
	(198571, '09AQGPG'),
	(198574, '09AQGPG'),
	(198579, '09AQGPG'),
	(198582, '09AQGPG'),
	(198592, '09AQGPG'),
	(198613, '09AQGPG'),
	(198618, '09AQGPG'),
	(198621, '09AQGPG'),
	(198627, '09AQGPG'),
	(198643, '09AQGPG'),
	(198647, '09AQGPG'),
	(198657, '09AQGPG'),
	(198672, '09AQGPG'),
	(198675, '09AQGPG'),
	(198731, '09AQGPG'),
	(198777, '09AQGPG'),
	(198804, '09AQGPG'),
	(198825, '09AQGPG'),
	(198829, '09AQGPG'),
	(198857, '09AQGPG'),
	(198869, '09AQGPG'),
	(198916, '09AQGPG'),
	(198928, '09AQGPG'),
	(198935, '09AQGPG'),
	(198944, '09AQGPG'),
	(198948, '09AQGPG'),
	(198949, '09AQGPG'),
	(198950, '09AQGPG'),
	(198964, '09AQGPG'),
	(198966, '09AQGPG'),
	(198970, '09AQGPG'),
	(198978, '09AQGPG'),
	(198994, '09AQGPG'),
	(198996, '09AQGPG'),
	(198997, '09AQGPG'),
	(199003, '09AQGPG'),
	(199005, '09AQGPG'),
	(199014, '09AQGPG'),
	(199015, '09AQGPG'),
	(199016, '09AQGPG'),
	(199021, '09AQGPG'),
	(199037, '09AQGPG'),
	(199041, '09AQGPG'),
	(199062, '09AQGPG'),
	(199151, '09AQGPG'),
	(199185, '09AQGPG'),
	(199280, '09AQGPG'),
	(199292, '09AQGPG'),
	(199298, '09AQGPG'),
	(199349, '09AQGPG'),
	(200050, '09AQGPG'),
	(200221, '09AQGPG'),
	(200237, '09AQGPG'),
	(200246, '09AQGPG'),
	(200249, '09AQGPG'),
	(200278, '09AQGPG'),
	(200290, '09AQGPG'),
	(200296, '09AQGPG'),
	(200310, '09AQGPG'),
	(200320, '09AQGPG'),
	(200329, '09AQGPG'),
	(200336, '09AQGPG'),
	(200376, '09AQGPG'),
	(200430, '09AQGPG'),
	(200482, '09AQGPG'),
	(200488, '09AQGPG'),
	(200543, '09AQGPG'),
	(200597, '09AQGPG'),
	(200600, '09AQGPG'),
	(200622, '09AQGPG'),
	(156622, '10BDAPG'),
	(161245, '10BDAPG'),
	(167754, '10BDAPG'),
	(168630, '10BDAPG'),
	(168718, '10BDAPG'),
	(169195, '10BDAPG'),
	(170277, '10BDAPG'),
	(170435, '10BDAPG'),
	(170443, '10BDAPG'),
	(170457, '10BDAPG'),
	(170478, '10BDAPG'),
	(170544, '10BDAPG'),
	(170858, '10BDAPG'),
	(172458, '10BDAPG'),
	(172568, '10BDAPG'),
	(176221, '10BDAPG'),
	(176233, '10BDAPG'),
	(177319, '10BDAPG'),
	(177382, '10BDAPG'),
	(177390, '10BDAPG'),
	(177471, '10BDAPG'),
	(177526, '10BDAPG'),
	(177642, '10BDAPG'),
	(177664, '10BDAPG'),
	(177717, '10BDAPG'),
	(177725, '10BDAPG'),
	(177757, '10BDAPG'),
	(177879, '10BDAPG'),
	(177896, '10BDAPG'),
	(177913, '10BDAPG'),
	(178009, '10BDAPG'),
	(178043, '10BDAPG'),
	(178050, '10BDAPG'),
	(178079, '10BDAPG'),
	(178871, '10BDAPG'),
	(178907, '10BDAPG'),
	(178930, '10BDAPG'),
	(178991, '10BDAPG'),
	(179058, '10BDAPG'),
	(179060, '10BDAPG'),
	(179078, '10BDAPG'),
	(179430, '10BDAPG'),
	(179431, '10BDAPG'),
	(179458, '10BDAPG'),
	(179468, '10BDAPG'),
	(179495, '10BDAPG'),
	(179502, '10BDAPG'),
	(179549, '10BDAPG'),
	(179710, '10BDAPG'),
	(179835, '10BDAPG'),
	(179886, '10BDAPG'),
	(179907, '10BDAPG'),
	(179913, '10BDAPG'),
	(179915, '10BDAPG'),
	(179943, '10BDAPG'),
	(179969, '10BDAPG'),
	(179970, '10BDAPG'),
	(179971, '10BDAPG'),
	(179980, '10BDAPG'),
	(179991, '10BDAPG'),
	(179993, '10BDAPG'),
	(179996, '10BDAPG'),
	(180015, '10BDAPG'),
	(180016, '10BDAPG'),
	(180034, '10BDAPG'),
	(180053, '10BDAPG'),
	(180058, '10BDAPG'),
	(180064, '10BDAPG'),
	(180197, '10BDAPG'),
	(180244, '10BDAPG'),
	(181259, '10BDAPG'),
	(181260, '10BDAPG'),
	(181262, '10BDAPG'),
	(181263, '10BDAPG'),
	(181265, '10BDAPG'),
	(181269, '10BDAPG'),
	(181478, '10BDAPG'),
	(181635, '10BDAPG'),
	(181665, '10BDAPG'),
	(181677, '10BDAPG'),
	(181956, '10BDAPG'),
	(181964, '10BDAPG'),
	(182109, '10BDAPG'),
	(182631, '10BDAPG'),
	(182637, '10BDAPG'),
	(182642, '10BDAPG'),
	(182659, '10BDAPG'),
	(182694, '10BDAPG'),
	(182704, '10BDAPG'),
	(182850, '10BDAPG'),
	(183713, '10BDAPG'),
	(183745, '10BDAPG'),
	(183778, '10BDAPG'),
	(183800, '10BDAPG'),
	(183981, '10BDAPG'),
	(183989, '10BDAPG'),
	(184455, '10BDAPG'),
	(184887, '10BDAPG'),
	(185349, '10BDAPG'),
	(185758, '10BDAPG'),
	(185951, '10BDAPG'),
	(186087, '10BDAPG'),
	(186092, '10BDAPG'),
	(186137, '10BDAPG'),
	(186641, '10BDAPG'),
	(186758, '10BDAPG'),
	(186820, '10BDAPG'),
	(186830, '10BDAPG'),
	(186897, '10BDAPG'),
	(186930, '10BDAPG'),
	(186980, '10BDAPG'),
	(187034, '10BDAPG'),
	(187096, '10BDAPG'),
	(187144, '10BDAPG'),
	(187239, '10BDAPG'),
	(187253, '10BDAPG'),
	(187260, '10BDAPG'),
	(187370, '10BDAPG'),
	(187377, '10BDAPG'),
	(187381, '10BDAPG'),
	(187405, '10BDAPG'),
	(187448, '10BDAPG'),
	(187450, '10BDAPG'),
	(187500, '10BDAPG'),
	(187504, '10BDAPG'),
	(187505, '10BDAPG'),
	(187514, '10BDAPG'),
	(187526, '10BDAPG'),
	(187587, '10BDAPG'),
	(187596, '10BDAPG'),
	(187657, '10BDAPG'),
	(187686, '10BDAPG'),
	(187687, '10BDAPG'),
	(187691, '10BDAPG'),
	(187745, '10BDAPG'),
	(187869, '10BDAPG'),
	(187875, '10BDAPG'),
	(187886, '10BDAPG'),
	(187895, '10BDAPG'),
	(187925, '10BDAPG'),
	(187941, '10BDAPG'),
	(187975, '10BDAPG'),
	(188020, '10BDAPG'),
	(188071, '10BDAPG'),
	(188119, '10BDAPG'),
	(188120, '10BDAPG'),
	(188124, '10BDAPG'),
	(188127, '10BDAPG'),
	(188141, '10BDAPG'),
	(188143, '10BDAPG'),
	(188144, '10BDAPG'),
	(188151, '10BDAPG'),
	(188152, '10BDAPG'),
	(188160, '10BDAPG'),
	(188161, '10BDAPG'),
	(188162, '10BDAPG'),
	(188163, '10BDAPG'),
	(188164, '10BDAPG'),
	(188165, '10BDAPG'),
	(188167, '10BDAPG'),
	(188168, '10BDAPG'),
	(188184, '10BDAPG'),
	(188185, '10BDAPG'),
	(188193, '10BDAPG'),
	(188200, '10BDAPG'),
	(188207, '10BDAPG'),
	(188239, '10BDAPG'),
	(188245, '10BDAPG'),
	(188246, '10BDAPG'),
	(188252, '10BDAPG'),
	(188258, '10BDAPG'),
	(188265, '10BDAPG'),
	(188288, '10BDAPG'),
	(188298, '10BDAPG'),
	(188303, '10BDAPG'),
	(188304, '10BDAPG'),
	(188308, '10BDAPG'),
	(188319, '10BDAPG'),
	(188321, '10BDAPG'),
	(188349, '10BDAPG'),
	(188405, '10BDAPG'),
	(188420, '10BDAPG'),
	(188431, '10BDAPG'),
	(188444, '10BDAPG'),
	(188470, '10BDAPG'),
	(188474, '10BDAPG'),
	(188535, '10BDAPG'),
	(188541, '10BDAPG'),
	(188550, '10BDAPG'),
	(188561, '10BDAPG'),
	(188578, '10BDAPG'),
	(188579, '10BDAPG'),
	(188583, '10BDAPG'),
	(188625, '10BDAPG'),
	(188626, '10BDAPG'),
	(188628, '10BDAPG'),
	(188630, '10BDAPG'),
	(188678, '10BDAPG'),
	(188680, '10BDAPG'),
	(188687, '10BDAPG'),
	(188770, '10BDAPG'),
	(188856, '10BDAPG'),
	(188943, '10BDAPG'),
	(188962, '10BDAPG'),
	(189017, '10BDAPG'),
	(189023, '10BDAPG'),
	(189026, '10BDAPG'),
	(189027, '10BDAPG'),
	(189028, '10BDAPG'),
	(189035, '10BDAPG'),
	(189038, '10BDAPG'),
	(189039, '10BDAPG'),
	(189042, '10BDAPG'),
	(189044, '10BDAPG'),
	(189046, '10BDAPG'),
	(189066, '10BDAPG'),
	(189071, '10BDAPG'),
	(189074, '10BDAPG'),
	(189090, '10BDAPG'),
	(189100, '10BDAPG'),
	(189108, '10BDAPG'),
	(189116, '10BDAPG'),
	(189120, '10BDAPG'),
	(189124, '10BDAPG'),
	(189125, '10BDAPG'),
	(189161, '10BDAPG'),
	(189174, '10BDAPG'),
	(189272, '10BDAPG'),
	(189377, '10BDAPG'),
	(189539, '10BDAPG'),
	(189939, '10BDAPG'),
	(189963, '10BDAPG'),
	(190010, '10BDAPG'),
	(190027, '10BDAPG'),
	(190131, '10BDAPG'),
	(190170, '10BDAPG'),
	(190306, '10BDAPG'),
	(190479, '10BDAPG'),
	(190482, '10BDAPG'),
	(190485, '10BDAPG'),
	(190489, '10BDAPG'),
	(190492, '10BDAPG'),
	(190502, '10BDAPG'),
	(190503, '10BDAPG'),
	(190512, '10BDAPG'),
	(190523, '10BDAPG'),
	(190527, '10BDAPG'),
	(190528, '10BDAPG'),
	(190529, '10BDAPG'),
	(190532, '10BDAPG'),
	(190551, '10BDAPG'),
	(190557, '10BDAPG'),
	(190558, '10BDAPG'),
	(190560, '10BDAPG'),
	(190570, '10BDAPG'),
	(190571, '10BDAPG'),
	(190573, '10BDAPG'),
	(190577, '10BDAPG'),
	(190579, '10BDAPG'),
	(190584, '10BDAPG'),
	(190585, '10BDAPG'),
	(190587, '10BDAPG'),
	(190600, '10BDAPG'),
	(190605, '10BDAPG'),
	(190607, '10BDAPG'),
	(190612, '10BDAPG'),
	(190619, '10BDAPG'),
	(190632, '10BDAPG'),
	(190633, '10BDAPG'),
	(190634, '10BDAPG'),
	(190635, '10BDAPG'),
	(190645, '10BDAPG'),
	(190655, '10BDAPG'),
	(190658, '10BDAPG'),
	(190660, '10BDAPG'),
	(190663, '10BDAPG'),
	(190664, '10BDAPG'),
	(190666, '10BDAPG'),
	(190667, '10BDAPG'),
	(190679, '10BDAPG'),
	(190706, '10BDAPG'),
	(190710, '10BDAPG'),
	(190711, '10BDAPG'),
	(190712, '10BDAPG'),
	(190715, '10BDAPG'),
	(190719, '10BDAPG'),
	(190722, '10BDAPG'),
	(190753, '10BDAPG'),
	(190824, '10BDAPG'),
	(190833, '10BDAPG'),
	(190835, '10BDAPG'),
	(190857, '10BDAPG'),
	(191971, '10BDAPG'),
	(192453, '10BDAPG'),
	(192637, '10BDAPG'),
	(192640, '10BDAPG'),
	(192686, '10BDAPG'),
	(192978, '10BDAPG'),
	(196888, '10BDAPG'),
	(197433, '10BDAPG'),
	(198171, '10BDAPG'),
	(198175, '10BDAPG'),
	(198457, '10BDAPG'),
	(198468, '10BDAPG'),
	(198592, '10BDAPG');
/*!40000 ALTER TABLE `iscrizione` ENABLE KEYS */;


-- Dump della struttura di tabella iscritticorsi.studente
CREATE TABLE IF NOT EXISTS `studente` (
  `matricola` int(11) NOT NULL,
  `cognome` varchar(50) NOT NULL,
  `nome` varchar(50) NOT NULL,
  `CDS` varchar(50) DEFAULT NULL,
  PRIMARY KEY (`matricola`)
) ENGINE=InnoDB DEFAULT CHARSET=utf8;

-- Dump dei dati della tabella iscritticorsi.studente: ~598 rows (circa)
DELETE FROM `studente`;
/*!40000 ALTER TABLE `studente` DISABLE KEYS */;
INSERT INTO `studente` (`matricola`, `cognome`, `nome`, `CDS`) VALUES
	(146101, 'VIGGIANO', 'CLAUDIO', 'CIN1T3'),
	(148072, 'VANNINI', 'ALBERTO', 'LOP1T4'),
	(151528, 'LOPEZ', 'FABIO', 'GESZT4'),
	(154817, 'RUSSO', 'FRANCESCA', 'ORG1T4'),
	(155459, 'ROBERTO', 'MARCO', 'ORG1T4'),
	(155793, 'BARUCCO', 'ANDREA', 'ORG1T4'),
	(156087, 'ETERNO', 'ALESSANDRA', 'INF1T3'),
	(156622, 'PICONE CHIODO', 'OMAR', 'GES2T4'),
	(158698, 'MAROLA', 'EDOARDO', 'LOP1T4'),
	(159818, 'SANNA', 'ROBERTO', 'GESZT4'),
	(161245, 'PEDUTO', 'ENRICA MARIA SERENA', 'GESZT4'),
	(161334, 'SCALA', 'FEDERICO', 'GESZT4'),
	(164609, 'BALIA', 'MATTEO', 'GES2T4'),
	(165651, 'ALOISIO', 'STEFANIA', 'GES2T4'),
	(166771, 'VIOTTO', 'VALERIO', 'LOP1T4'),
	(167754, 'SCHIFANO', 'SIMONE', 'GES2T4'),
	(168630, 'BOCCHIARDO', 'MARINA', 'GESZT4'),
	(168718, 'RUSSO', 'FRANCESCO', 'GES2T4'),
	(168887, 'PANTALEO', 'ROBERTO', 'GES2T4'),
	(169195, 'LORENT', 'MANUEL', 'GESZT4'),
	(169787, 'SALVATO', 'VALENTINA', 'GES2T4'),
	(169840, 'BARBERO', 'SILVANO', 'GES2T4'),
	(170277, 'PERA', 'GIULIANO LEANDRO', 'GESZT4'),
	(170435, 'GERARDI', 'FRANCESCA', 'GESZT4'),
	(170443, 'GEDDO', 'MARCO', 'GESZT4'),
	(170447, 'CARPI', 'FIORENZO', 'GESZT4'),
	(170450, 'CONCU', 'DANIELE', 'GESZT4'),
	(170457, 'LO GRASSO', 'FABIO', 'GESZT4'),
	(170478, 'SICURO', 'ROBERTA', 'GESZT4'),
	(170479, 'TENNA', 'MATTEO', 'GES2T4'),
	(170544, 'CAPANO', 'ALESSANDRO', 'GESZT4'),
	(170598, 'VIOLA', 'ANDREA', 'GESZT4'),
	(170816, 'CORTI', 'ALESSANDRO', 'GESZT4'),
	(170858, 'MELI', 'FABRIZIO', 'GESZT4'),
	(172040, 'TORRES VARGAS', 'JAVIER MAURICIO', 'GESZT4'),
	(172163, 'MORENO AGUILLON', 'NATHALIE CONSTANZA', 'GESZT4'),
	(172230, 'GARCIA CHAVEZ', 'JEMIL ANDRES', 'GESZT4'),
	(172249, 'GIRALDO', 'LAURA LILIANA', 'GESZT4'),
	(172256, 'DARWICH', 'HASSAN', 'MTMZT1'),
	(172330, 'RODRIGUEZ CASTANEDA', 'MONICA LORENA', 'GESZT4'),
	(172458, 'RUBINO', 'MICHELA', 'GESZT4'),
	(172537, 'CARUSO', 'ANGELA', 'GESZT4'),
	(172568, 'ZAVATTARO', 'MATTEO', 'GESZT4'),
	(172578, 'SOTELO BULA', 'MARICRUZ', 'GESZT4'),
	(174001, 'GANDOLFO', 'STEFANO', 'GESZT4'),
	(175661, 'CANALE', 'DARIO ANGELO', 'GESZT4'),
	(176221, 'MESSINA', 'MATTEO', 'GESZT4'),
	(176233, 'RIFICI', 'DIEGO', 'GESZT4'),
	(176948, 'ZENEZINI', 'GIOVANNI', 'GESZT4'),
	(176997, 'BIANCA', 'ALESSANDRO', 'GESZT4'),
	(177176, 'SCARFI\'', 'LUDOVICA', 'GESZT4'),
	(177290, 'FORTINO', 'ADOLFO', 'GESZT4'),
	(177319, 'DE GIORGI', 'ALDO', 'GESZT4'),
	(177382, 'NATTA', 'MARTINA', 'GESZT4'),
	(177390, 'ROSSI', 'GIULIA', 'GESZT4'),
	(177391, 'CAMPO', 'ANGELA', 'GESZT4'),
	(177462, 'POLIMENO', 'ANGELA', 'GESZT4'),
	(177464, 'MANCUSO', 'MARTINO', 'GESZT4'),
	(177471, 'CORCIULO', 'VITO', 'GESZT4'),
	(177473, 'NARETTO', 'MARTINA', 'GESZT4'),
	(177474, 'BERGAMASCHI', 'LUCA', 'GESZT4'),
	(177475, 'OREGLIA', 'BRUNO', 'GESZT4'),
	(177478, 'CORTASSA', 'RODOLFO', 'GESZT4'),
	(177487, 'CASTELLO', 'SEBASTIANO', 'GESZT4'),
	(177492, 'STOPPA', 'MARCO', 'GESZT4'),
	(177507, 'MARIANO', 'ANDREA', 'GESZT4'),
	(177525, 'TESTORE', 'GABRIELE', 'GESZT4'),
	(177526, 'VENTO', 'STEFANIA', 'GESZT4'),
	(177540, 'RECLA DELMARCO', 'STEFANO', 'GESZT4'),
	(177550, 'ROTOLO', 'FRANCESCA CARLA', 'GESZT4'),
	(177586, 'BARABOI', 'ANDREI', 'GESZT4'),
	(177599, 'LA FORGES', 'FRANCESCO', 'GESZT4'),
	(177600, 'BAUSOLA', 'ALBERTO', 'GESZT4'),
	(177613, 'MARTIS', 'DANIELE', 'GESZT4'),
	(177632, 'CASTELLANO', 'ANDREA', 'GESZT4'),
	(177642, 'COMUNALE', 'IVAN', 'GESZT4'),
	(177664, 'RAUDINO', 'FRANCESCO', 'GESZT4'),
	(177717, 'GRECO', 'FABIO', 'GESZT4'),
	(177725, 'DELPIANO', 'GABRIELE', 'GESZT4'),
	(177757, 'MELIS', 'ROBERTA', 'GESZT4'),
	(177824, 'VERONICO', 'SONIA ANNA', 'GESZT4'),
	(177879, 'ZANICHELLI', 'MARCO', 'GESZT4'),
	(177896, 'SODANO', 'MARIANNA', 'GESZT4'),
	(177900, 'ANDOLINA', 'ROSSELLA', 'GESZT4'),
	(177906, 'NOURANI', 'MOHAMED', 'GESZT4'),
	(177913, 'ROSANO', 'MARIANGELA', 'GESZT4'),
	(178009, 'BRESCIA', 'FRANCESCA', 'GESZT4'),
	(178043, 'TROIA', 'ALESSANDRO', 'GESZT4'),
	(178050, 'GUALANO', 'ROBERTO', 'GESZT4'),
	(178079, 'TROMBIN', 'ENRICO', 'GESZT4'),
	(178080, 'D\'ORSI', 'ROSANNA', 'GESZT4'),
	(178122, 'CAGNIN', 'ENRICO', 'GESZT4'),
	(178871, 'LA ROSA', 'CRISTIAN', 'GESZT4'),
	(178907, 'GULLONE', 'DOMENICO', 'GESZT4'),
	(178930, 'SIMONI', 'FABRIZIO', 'GESZT4'),
	(178991, 'DINI', 'ILARIA', 'GESZT4'),
	(179058, 'CIPOLLA', 'CALOGERO', 'GESZT4'),
	(179060, 'DEMARIE', 'VERONICA ALESSIA', 'GESZT4'),
	(179069, 'LA ROSA', 'ALBERTO', 'GESZT4'),
	(179078, 'CAPONE', 'IVAN', 'GESZT4'),
	(179156, 'LA ROSA', 'ALBERTO', 'GESZT4'),
	(179174, 'PESCETTO', 'DENIS', 'GESZT4'),
	(179220, 'FRONTICELLI', 'ALBERTO', 'GESZT4'),
	(179430, 'DE BORTOLI', 'NICOLA', 'GESZT4'),
	(179431, 'MARINO', 'GAETANO', 'GESZT4'),
	(179458, 'BARTOLUCCI', 'MARTA', 'GESZT4'),
	(179468, 'BUX', 'CONCETTA', 'GESZT4'),
	(179495, 'MARTINOTTI', 'ANDREA', 'GESZT4'),
	(179502, 'BUZIO', 'MARTINA', 'GESZT4'),
	(179549, 'VITILLO', 'MARCO', 'GESZT4'),
	(179710, 'GIANSANTE', 'ILARIA', 'GESZT4'),
	(179835, 'DI FERMO', 'STEFANO', 'GESZT4'),
	(179886, 'CHETTI', 'EVELIN', 'GESZT4'),
	(179895, 'PIZZOLLA', 'GIOVANNI', 'GESZT4'),
	(179906, 'COPPA', 'MATTEO', 'GESZT4'),
	(179907, 'FONTANA', 'DENISE', 'GESZT4'),
	(179909, 'MANCINI', 'FRANCESCA', 'GESZT4'),
	(179912, 'SLANZI', 'CRISTINA', 'GESZT4'),
	(179913, 'DANNA', 'ENRICA', 'GESZT4'),
	(179915, 'DI BELLO', 'ANTONELLO', 'GESZT4'),
	(179917, 'SAJINOVIC', 'VUK', 'GESZT4'),
	(179927, 'NEGRO', 'ALESSANDRO', 'GESZT4'),
	(179943, 'LOCONSOLO', 'FEDERICA', 'GESZT4'),
	(179969, 'ZANGARI', 'ELISA', 'GESZT4'),
	(179970, 'VIDALI', 'DANIELE', 'GESZT4'),
	(179971, 'BOFFA', 'MATTEO', 'GESZT4'),
	(179973, 'STRILLACCI', 'RICCARDO', 'GESZT4'),
	(179975, 'PANERO', 'ALBERTO', 'GESZT4'),
	(179978, 'BUSO', 'LORELLA', 'GESZT4'),
	(179980, 'BONZANO', 'SILVIA', 'GESZT4'),
	(179986, 'ARLOTTO', 'DAVIDE', 'GESZT4'),
	(179991, 'MARTI', 'ALBERTO', 'GESZT4'),
	(179993, 'TROMBETTA', 'PAOLA', 'GESZT4'),
	(179996, 'VINCIGUERRA', 'ROBERTO', 'GESZT4'),
	(180004, 'BOLTRI', 'DANIELA', 'GESZT4'),
	(180014, 'CICCONE', 'STEFANO', 'GESZT4'),
	(180015, 'CARISSIMI', 'MARTA', 'GESZT4'),
	(180016, 'MARINO', 'ELEONORA MARIA', 'GESZT4'),
	(180021, 'BASADONNA', 'MARTA', 'GESZT4'),
	(180028, 'VERGANI', 'VITTORIO', 'GESZT4'),
	(180034, 'D\'ALBERTO', 'ANDREA', 'GESZT4'),
	(180046, 'ROLLINO', 'ALBERTO', 'GESZT4'),
	(180053, 'MORIZIO', 'LUCIA', 'GESZT4'),
	(180054, 'FERRARO', 'ROBERTO', 'GESZT4'),
	(180056, 'BAIMA', 'ALDO ANDREA', 'GESZT4'),
	(180058, 'GATTO', 'DANILO', 'GESZT4'),
	(180059, 'CIARNELLI', 'EMANUELE', 'GESZT4'),
	(180064, 'SAVIO', 'ALESSANDRO', 'GESZT4'),
	(180102, 'GUGLIELMONE', 'LUCA GIOVANNI', 'GESZT4'),
	(180177, 'PASQUINO', 'STEFANO', 'GESZT4'),
	(180179, 'BROGNARA', 'ANDREA', 'GESZT4'),
	(180197, 'GIUDICE', 'PIETRO', 'GESZT4'),
	(180244, 'MANIGRASSO', 'FEDERICO', 'GESZT4'),
	(180269, 'SONZA REORDA', 'FABRIZIO', 'GESZT4'),
	(181138, 'IMERITO', 'MAURIZIO', 'GESZT4'),
	(181259, 'GOMEZ GUTIERREZ', 'MANUEL FRANCISCO', 'GESZT4'),
	(181260, 'RUIZ MATTA', 'KAREN ALEJANDRA', 'GESZT4'),
	(181262, 'CHAVARRO MUNOZ', 'MARIA CAMILA', 'GESZT4'),
	(181263, 'SALDANA TAPIERO', 'WILLIAM ANDRES', 'GESZT4'),
	(181265, 'MARINO', 'MARIA', 'GESZT4'),
	(181269, 'TOMASSONE', 'PASQUALE', 'GESZT4'),
	(181478, 'TORRES LOPEZ', 'JUAN JOSE', 'GESZT4'),
	(181635, 'BUGLIARI', 'DOMENICO GIOVANNI', 'GESZT4'),
	(181665, 'PICARIELLO', 'LORENA', 'GESZT4'),
	(181677, 'MONTANARO', 'SILVIA', 'GESZT4'),
	(181956, 'CARDONA OSORIO', 'CINDY JASMIN', 'GESZT4'),
	(181964, 'RAMIREZ RAMIREZ', 'CARLOS MARIO', 'GESZT4'),
	(182109, 'CUERO HURTADO', 'JOHANNA', 'GESZT4'),
	(182631, 'SCAGLIA DE PAULA', 'RAFAEL', 'GESZT4'),
	(182637, 'ONESI', 'ROBERTO', 'GESZT4'),
	(182642, 'GRAZIANO', 'ANDREA', 'GESZT4'),
	(182659, 'BALAGNA', 'ELEONORA', 'GESZT4'),
	(182694, 'LANZAFAME', 'ALBERTO', 'GESZT4'),
	(182704, 'DEVIA GOMEZ', 'KELLY EDY', 'GESZT4'),
	(182751, 'SEYRI', 'FAEZEH', 'MTMZT1'),
	(182850, 'GRECO', 'MARIA FRANCESCA', 'GESZT4'),
	(183067, 'GIGANTE', 'DANIELE AUGUSTO', 'LOP1T4'),
	(183713, 'SPANO JUNQUEIRA DE PAIVA', 'FERNANDO', 'GESZT4'),
	(183745, 'PERRONE', 'LAURA', 'GESZT4'),
	(183778, 'CORTES MURCIA', 'LILIANA MARCELA', 'GESZT4'),
	(183800, 'MESSORI', 'MAURA', 'GESZT4'),
	(183981, 'PAREDES JARA', 'PAULO CESAR', 'GESZT4'),
	(183989, 'PANICO', 'FRANCESCA', 'GESZT4'),
	(184455, 'LOPREVITE', 'SARA', 'GESZT4'),
	(184887, 'STRACQUADANIO', 'STEFANO', 'GESZT4'),
	(185349, 'LAVAGNO', 'LORENZO', 'GESZT4'),
	(185758, 'COME\'', 'GIULIA', 'GESZT4'),
	(185951, 'CIUCCHI', 'EMANUELE', 'GESZT4'),
	(186084, 'MONCHIERO', 'GIANLUCA', 'GESZT4'),
	(186087, 'FRANCESCHINI', 'PIERO', 'GESZT4'),
	(186092, 'CERRATO', 'CHIARA', 'GESZT4'),
	(186137, 'KALEMBA', 'LUKOKI ANDRE', 'GESZT4'),
	(186641, 'MAGNE KAMGA', 'DANIELLE', 'GESZT4'),
	(186758, 'GIOBERGIA', 'JESSICA', 'GESZT4'),
	(186820, 'GIGOTTI', 'SAVERIO', 'GESZT4'),
	(186830, 'FINTSCHI', 'FRANCESCA', 'GESZT4'),
	(186897, 'GRASSO', 'CLAUDIA', 'GESZT4'),
	(186930, 'SAPIENZA', 'MARCO', 'GESZT4'),
	(186980, 'VANEGAS ARRIETA', 'JOHAN ESTEBAN', 'GESZT4'),
	(187034, 'MARCHI', 'FILIPPO', 'GESZT4'),
	(187096, 'CIARAVOLA', 'VINCENZA', 'GESZT4'),
	(187144, 'PASSERI', 'LUCA', 'GESZT4'),
	(187239, 'SAIA', 'GIACOMO', 'GESZT4'),
	(187253, 'MIRASOLE', 'CLAUDIO VINCENZO', 'GESZT4'),
	(187260, 'MANIERO', 'ANNA ENRICA', 'GESZT4'),
	(187370, 'SCARPETTA', 'CAROLINA', 'GESZT4'),
	(187377, 'SORRENTINO', 'MARZIA', 'GESZT4'),
	(187381, 'TORRENTE', 'MARCO', 'GESZT4'),
	(187405, 'ALIZZI', 'FABRIZIO', 'GESZT4'),
	(187448, 'VILLA', 'GIUSEPPE', 'GESZT4'),
	(187450, 'ORSETTI', 'NICOLO\'', 'GESZT4'),
	(187500, 'MONACHESI', 'LEA', 'GESZT4'),
	(187504, 'FALCONE', 'ANTONIO', 'GESZT4'),
	(187505, 'TELLA', 'EUGENIO', 'GESZT4'),
	(187514, 'VASSALLO', 'AMALIA', 'GESZT4'),
	(187526, 'FUCCIO SANZA', 'STEFANO', 'GESZT4'),
	(187587, 'CASTANO', 'MARCO', 'GESZT4'),
	(187596, 'GIANCIPOLI', 'NICCOLO\'', 'GESZT4'),
	(187657, 'GIACALONE', 'FEDERICA', 'GESZT4'),
	(187686, 'DE LUCA', 'ALESSANDRA', 'GESZT4'),
	(187687, 'PALMISANO', 'VANIA', 'GESZT4'),
	(187691, 'BRUNO', 'MARIA ANGELA', 'GESZT4'),
	(187745, 'ARMAO', 'ERICA', 'GESZT4'),
	(187869, 'CAMPAGNA', 'LAURA', 'GESZT4'),
	(187875, 'GIRAUDO', 'EMANUELE', 'GESZT4'),
	(187886, 'BUCISCA', 'SIMONE NATALE', 'GESZT4'),
	(187895, 'PERIGOZZO', 'MASSIMILIANO', 'GESZT4'),
	(187925, 'CASTIGLIONE', 'GIOVANNI BATTISTA', 'GESZT4'),
	(187941, 'VERGNANO', 'ENRICO', 'GESZT4'),
	(187975, 'MICCOLIS', 'CARMINE', 'GESZT4'),
	(188020, 'AMOROSO', 'LAURA', 'GESZT4'),
	(188051, 'LAMBIASE', 'OTTONE', 'GESZT4'),
	(188071, 'AMORELLI', 'MARIA', 'GESZT4'),
	(188119, 'GORELLI', 'SILVIA', 'GESZT4'),
	(188120, 'DI PALMO', 'IGOR', 'GESZT4'),
	(188124, 'PETRANTONI', 'DARIO SALVATORE', 'GESZT4'),
	(188127, 'ANSALDI', 'MARCO', 'GESZT4'),
	(188141, 'BERTOLONE', 'FEDERICA', 'GESZT4'),
	(188143, 'ROSA', 'FEDERICA', 'GESZT4'),
	(188144, 'RAO', 'DANIEL', 'GESZT4'),
	(188151, 'CHIARA', 'FILIPPO', 'GESZT4'),
	(188152, 'DELVECCHIO', 'OMAR', 'GESZT4'),
	(188160, 'CANOSA', 'CATERINA', 'GESZT4'),
	(188161, 'LAMANCUSA', 'STEFANIA', 'GESZT4'),
	(188162, 'CONGIU', 'ROBERTO', 'GESZT4'),
	(188163, 'PELLEGRINO', 'EMANUELE', 'GESZT4'),
	(188164, 'SARDO CARDALANO', 'MATTEO', 'GESZT4'),
	(188165, 'BERGOGLIO', 'GABRIELE', 'GESZT4'),
	(188167, 'CAMOLETTO', 'FRANCESCA', 'GESZT4'),
	(188168, 'CAMPOLO', 'GIOVANNI', 'GESZT4'),
	(188184, 'CARBE\'', 'ANDREA', 'GESZT4'),
	(188185, 'BELLON', 'STEFANO', 'GESZT4'),
	(188193, 'BALMATIVOLA', 'GIULIA MARIANNA', 'GESZT4'),
	(188198, 'PASTORE', 'ERICA', 'MTMZT1'),
	(188200, 'DONGMO NGUECHOUNG', 'GAEL VICTOR', 'GESZT4'),
	(188207, 'PADULA', 'HELENA', 'GESZT4'),
	(188216, 'GRIFFA', 'GIORGIA', 'IPTZT1'),
	(188233, 'BALILLA', 'BIAGIO', 'MTMZT1'),
	(188239, 'MUSSATTO', 'CHIARA', 'GESZT4'),
	(188245, 'FIORIN', 'LUCA', 'GESZT4'),
	(188246, 'ALESSANDRIA', 'FABIO', 'GESZT4'),
	(188252, 'INGROSSO', 'VALERIA', 'GESZT4'),
	(188258, 'DELL\'ANNA', 'MIRKO', 'GESZT4'),
	(188265, 'DE NATALE', 'ANDREA', 'GESZT4'),
	(188276, 'VIANO', 'LUCA', 'GESZT4'),
	(188288, 'MORETTI', 'ANDREA', 'GESZT4'),
	(188298, 'ZUCCO', 'MATTEO', 'GESZT4'),
	(188303, 'VANOLI', 'LUCA', 'GESZT4'),
	(188304, 'MORRA', 'LUCA', 'GESZT4'),
	(188308, 'MOSSO', 'SILVIO', 'GESZT4'),
	(188319, 'NAPOLI', 'FRANCESCO', 'GESZT4'),
	(188321, 'RAZZETTI', 'CHIARA', 'GESZT4'),
	(188333, 'CRISAFULLI', 'ANGELICA', 'EDIZT1'),
	(188349, 'FASSIO', 'GIOVANNI', 'GESZT4'),
	(188405, 'LANZILOTTI', 'GIUSEPPE ALESSANDRO', 'GESZT4'),
	(188420, 'SCUTTI', 'CLAUDIA', 'GESZT4'),
	(188431, 'DROCCO', 'DANIELA', 'GESZT4'),
	(188444, 'VAN', 'NGOC PHUONG FEDERICA', 'GESZT4'),
	(188470, 'GALLINA', 'RENATO', 'GESZT4'),
	(188474, 'AGRIPPINO', 'AURORA', 'GESZT4'),
	(188535, 'POLIZZI', 'PIERO', 'GESZT4'),
	(188541, 'ALI', 'MARCO ANTONINO', 'GESZT4'),
	(188550, 'SIRACUSANO', 'GIOVANNI', 'GESZT4'),
	(188561, 'CORRADO', 'ELISA', 'GESZT4'),
	(188574, 'GUARINO', 'ROBERTO', 'MECZT1'),
	(188578, 'FIAMINGO', 'ANDREA', 'GESZT4'),
	(188579, 'BORRUTO', 'EVA MARIA', 'GESZT4'),
	(188583, 'QUARTA', 'GIOVANNI', 'GESZT4'),
	(188625, 'BARBOTTI', 'RICCARDO', 'GESZT4'),
	(188626, 'DE PAOLA', 'FRANCESCO', 'GESZT4'),
	(188628, 'CIRELLI', 'GIOVANNI', 'GESZT4'),
	(188630, 'GENTILE', 'GIUSEPPE', 'GESZT4'),
	(188678, 'CURETTI', 'AMBRA', 'GESZT4'),
	(188680, 'FUSCO', 'ALESSANDRO', 'GESZT4'),
	(188687, 'SPAMPINATO', 'DIEGO', 'GESZT4'),
	(188770, 'STEFANELLO', 'LUCA', 'GESZT4'),
	(188817, 'DIANO', 'ESMERALDA', 'IPTZT1'),
	(188856, 'QUERO', 'NICOLA', 'GESZT4'),
	(188943, 'BONOMO', 'JOSEPH MATHIEU', 'GESZT4'),
	(188962, 'ZITO', 'NOEMI', 'GESZT4'),
	(189017, 'SCOLLO', 'ALVARO', 'GESZT4'),
	(189023, 'PELLITTERI', 'FABIO', 'GESZT4'),
	(189026, 'CANAVOSIO', 'GIANLUCA', 'GESZT4'),
	(189027, 'PRENCIPE', 'MARTINA', 'GESZT4'),
	(189028, 'SARDI', 'MICHAEL', 'GESZT4'),
	(189035, 'BRUERA', 'FRANCESCO', 'GESZT4'),
	(189038, 'LO GIUDICE', 'ALESSANDRO', 'GESZT4'),
	(189039, 'DE NICOLO\'', 'DAVIDE', 'GESZT4'),
	(189042, 'RISSO', 'LUCA', 'GESZT4'),
	(189044, 'CAUSIO', 'LETIZIA', 'GESZT4'),
	(189046, 'BERARDO', 'ERIKA', 'GESZT4'),
	(189066, 'SARAGGI', 'LUCA', 'GESZT4'),
	(189071, 'CIMINO', 'GIORGIO', 'GESZT4'),
	(189074, 'CORTI', 'FABRIZIO', 'GESZT4'),
	(189090, 'BANCOD', 'GABRIELE', 'GESZT4'),
	(189100, 'BELAKOV', 'LUBOMIR KRASSIMIROV', 'GESZT4'),
	(189108, 'BRIGNARDELLO', 'ANDREA', 'GESZT4'),
	(189116, 'MANCARDI', 'SOFIA', 'GESZT4'),
	(189120, 'BALLARIO', 'MARCO', 'GESZT4'),
	(189124, 'AVOGLIERO', 'GIORGIA', 'GESZT4'),
	(189125, 'MATTIODA', 'FRANCESCA', 'GESZT4'),
	(189161, 'RUFRANO', 'SAVERIO', 'GESZT4'),
	(189174, 'CERMINARA', 'SIMONE', 'GESZT4'),
	(189272, 'BRUZZONE', 'DANIELE', 'GESZT4'),
	(189377, 'LAI', 'CHIARA', 'GESZT4'),
	(189536, 'ROMA', 'LUDOVICA', 'MTMZT1'),
	(189539, 'PASCALE', 'ANTONIO', 'GESZT4'),
	(189634, 'FREGNAN', 'GABRIELE', 'GESZT4'),
	(189737, 'SFORSIN VESTRI', 'MICHAELLI', ''),
	(189844, 'CAPUCCI SORIANI', 'LUCAS', ''),
	(189920, 'CRAPAROTTA', 'GIUSEPPE', 'MTMZT1'),
	(189939, 'QUATTROCIOCCHI', 'ROBERTO', 'GESZT4'),
	(189950, 'CAGNA', 'MARCO', 'MTMZT1'),
	(189963, 'SAIANO', 'MARIANNA', 'GESZT4'),
	(190009, 'TAORMINA', 'GIUSEPPE', 'GESZT4'),
	(190010, 'SANNASARDO', 'DARIO', 'GESZT4'),
	(190027, 'REA', 'MARIA SOLE', 'GESZT4'),
	(190131, 'PAOLINI', 'SARA', 'GESZT4'),
	(190170, 'ARRIGO', 'MARCO', 'GESZT4'),
	(190172, 'REGALLI', 'MATTEO', 'APSZT2'),
	(190297, 'SAVARESE', 'GIOVANNI', 'GESZT4'),
	(190303, 'PACELLA', 'ANTONIO', 'GESZT4'),
	(190306, 'SAPONARO', 'LETIZIA', 'GESZT4'),
	(190323, 'DIPIERRO', 'PAOLO', 'GESZT4'),
	(190325, 'PESCE', 'DANILO', 'GESZT4'),
	(190418, 'PINZANI', 'FEDERICO', 'GESZT4'),
	(190428, 'BARUS', 'ALESSANDRO', 'GESZT4'),
	(190449, 'DIDIO', 'MARZIA', 'MTMZT1'),
	(190472, 'LOPERFIDO', 'ANDREA', 'GESZT4'),
	(190479, 'BONA', 'LORENZO', 'GESZT4'),
	(190480, 'ADDOMINO', 'GIACOMO PAOLO', 'GESZT4'),
	(190482, 'BENEDETTO', 'ANDREA', 'GESZT4'),
	(190485, 'ROSI', 'RAIMONDA', 'GESZT4'),
	(190489, 'GEMMA', 'ANTONIO', 'GESZT4'),
	(190492, 'DE LUCA', 'FEDERICO', 'GESZT4'),
	(190502, 'CAPRA', 'ALICE', 'GESZT4'),
	(190503, 'CHIARO', 'VALERIA', 'GESZT4'),
	(190512, 'MORETTO', 'VIRGINIA MARIA', 'GESZT4'),
	(190523, 'PACE', 'PAOLO MIRKO', 'GESZT4'),
	(190527, 'PALAZZO', 'SALVATORE FRANCESCO', 'GESZT4'),
	(190528, 'FABBRIS', 'CORRADO', 'GESZT4'),
	(190529, 'TARICCO', 'SIMEONE', 'GESZT4'),
	(190532, 'BALLIANA', 'YURI', 'GESZT4'),
	(190536, 'GIRIBONE', 'LUCA', 'MTMZT1'),
	(190538, 'FALLA', 'ARMANDO', 'GESZT4'),
	(190539, 'BINETTI', 'MARCO', 'GESZT4'),
	(190549, 'MASTRANGELO', 'ALEX', 'MTMZT1'),
	(190551, 'SASSONE', 'PIETRO', 'GESZT4'),
	(190557, 'PATRONE', 'FRANCESCO', 'GESZT4'),
	(190558, 'DI TRIA', 'DAVIDE', 'GESZT4'),
	(190560, 'PAGLIASOTTI', 'ENRICO', 'GESZT4'),
	(190570, 'CARA', 'ENRICO', 'GESZT4'),
	(190571, 'BALLATORE', 'BENEDETTA', 'GESZT4'),
	(190573, 'PRELATO', 'MATTIA', 'GESZT4'),
	(190577, 'GENITTI', 'GIANLUCA', 'GESZT4'),
	(190579, 'LOMBARDO', 'LORIS', 'GESZT4'),
	(190582, 'FIORE', 'DOMENICO', 'GESZT4'),
	(190584, 'RUCCELLA', 'NICOLA', 'GESZT4'),
	(190585, 'SILVA', 'ELISABETTA', 'GESZT4'),
	(190587, 'CUGERONE', 'SABRINA', 'GESZT4'),
	(190600, 'AUDENINO', 'ALBERTO', 'GESZT4'),
	(190605, 'DEGLI AGLI', 'SARA', 'GESZT4'),
	(190607, 'PANARO', 'ALESSANDRO', 'GESZT4'),
	(190612, 'TOSETTO', 'LUCA', 'GESZT4'),
	(190617, 'POLITO', 'SARA', 'GESZT4'),
	(190619, 'BERTOLDO', 'EDOARDO', 'GESZT4'),
	(190628, 'DANIELE', 'FRANCESCO', 'GESZT4'),
	(190632, 'BRIZIO', 'GABRIELE', 'GESZT4'),
	(190633, 'ROCCO', 'GIULIA', 'GESZT4'),
	(190634, 'TURBIGLIO', 'ANTONIO', 'GESZT4'),
	(190635, 'CANOVA', 'LORENZO', 'GESZT4'),
	(190641, 'MAGLIANO', 'CLAUDIA', 'GESZT4'),
	(190645, 'BATTAGLIA', 'DANIELE', 'GESZT4'),
	(190655, 'GALFRE\'', 'ELENA', 'GESZT4'),
	(190658, 'TESTA', 'ANDREA', 'GESZT4'),
	(190660, 'PIOVANO', 'CLARA CELESTE', 'GESZT4'),
	(190662, 'LERMA', 'VERONICA', 'MTMZT1'),
	(190663, 'NUZZO MAURO', 'FRANCESCO', 'GESZT4'),
	(190664, 'NORA', 'SIMONE', 'GESZT4'),
	(190666, 'BIASIOTTO', 'EMANUELE', 'GESZT4'),
	(190667, 'BATTAGLIA', 'ROBERTA', 'GESZT4'),
	(190673, 'ARTALE', 'PAMELA', 'GESZT4'),
	(190679, 'REVIGLIO', 'FEDERICO', 'GESZT4'),
	(190706, 'RIZZO BORRELLO', 'LUCA', 'GESZT4'),
	(190708, 'FOLETTO', 'AMBRA', 'GESZT4'),
	(190710, 'CIANCITTO', 'AURELIO CESARE', 'GESZT4'),
	(190711, 'BASSI', 'FABIO', 'GESZT4'),
	(190712, 'ROLLE', 'FABIO', 'GESZT4'),
	(190715, 'CREMONINI', 'TOMMASO', 'GESZT4'),
	(190719, 'MUNTEANU', 'ELENA ALEXANDRA', 'GESZT4'),
	(190722, 'DEGIOVANNI', 'ILENIA', 'GESZT4'),
	(190753, 'CRAVERO', 'TOMMASO', 'GESZT4'),
	(190824, 'MUSARRA', 'SIMONE', 'GESZT4'),
	(190833, 'STROPPIANA', 'MARCO', 'GESZT4'),
	(190835, 'CANCOGNI', 'FEDERICA', 'GESZT4'),
	(190857, 'DICEMBRE', 'ANDREA', 'GESZT4'),
	(191870, 'YAO', 'QIMENG', 'MTMZT1'),
	(191971, 'LERRO', 'FILIPPO', 'GESZT4'),
	(192248, 'ECHEVERRY CALVACHE', 'ANDRES FELIPE', 'GESZT4'),
	(192314, 'DANI', 'ERICA', 'GESZT4'),
	(192453, 'DELL\'ERBA', 'GIAN CARLO', 'GESZT4'),
	(192637, 'GOUVEIA DE OLIVEIRA', 'ANNE LOUISE', ''),
	(192640, 'DE ALMEIDA', 'WILKER TADEU', ''),
	(192647, 'DE FREITAS BARBOSA', 'BRUNO', ''),
	(192686, 'MONTORIO', 'FRANCESCO', 'GESZT4'),
	(192789, 'SILVA MELO', 'MARIA EDUARDA', ''),
	(192793, 'SILVEIRA MENDES', 'LUIS EDUARDO', ''),
	(192806, 'CIOLINO', 'SERENA', 'GESZT4'),
	(192811, 'DE GREGORIO', 'MANUELA', 'GESZT4'),
	(192888, 'MENDES TAVARES', 'RAYSSA', ''),
	(192910, 'TOTARO', 'PASQUALE', 'GESZT4'),
	(192959, 'POLITO', 'GENNARO', 'GESZT4'),
	(192978, 'CARINI', 'RUBEN', 'GESZT4'),
	(192980, 'PAVAN', 'FEDERICO', 'MTMZT1'),
	(193084, 'SAMPIERI', 'VITO', 'GESZT4'),
	(193115, 'MAGNATTA', 'DARIO', 'GESZT4'),
	(193119, 'MARCHESANO', 'FLAVIO', 'GESZT4'),
	(193155, 'MAGGIO SCIACCA', 'DEBORA', 'GESZT4'),
	(193156, 'DILIBERTI', 'MARIA LETIZIA', 'GESZT4'),
	(193733, 'PACE', 'ELISA', 'GESZT4'),
	(193922, 'BORSARI', 'ENRICO', 'GESZT4'),
	(194139, 'PROCICCHIANI', 'SELENE', 'GESZT4'),
	(194140, 'ARMADORI', 'MARCO', 'GESZT4'),
	(194386, 'RUGGERI', 'SILVIA', 'GESZT4'),
	(194392, 'PARRINELLO', 'CLAUDIA', 'GESZT4'),
	(195779, 'PALAZZOTTO', 'PIETRO', 'GESZT4'),
	(195836, 'CICCARDI', 'LENNY', 'GESZT4'),
	(195851, 'RASTELLI', 'FEDERICO', 'GESZT4'),
	(195903, 'MONICA', 'LUCA', 'GESZT4'),
	(196043, 'FADDA', 'EDOARDO', 'MTMZT1'),
	(196268, 'GENNARO', 'FABRIZIO', 'GESZT4'),
	(196736, 'FELE', 'FEDERICO', 'GESZT4'),
	(196888, 'CURTO PELLE', 'ANTONIO', 'GESZT4'),
	(196922, 'NOBILE', 'ANTONIO', 'GESZT4'),
	(196931, 'RAMA', 'EDOARDO', 'GESZT4'),
	(197005, 'BRIGIDA', 'GIANLUCA', 'GESZT4'),
	(197176, 'ROLLO', 'CHIARA', 'GESZT4'),
	(197208, 'LETIZIA', 'ELISA', 'MTMZT1'),
	(197220, 'PICCINNI', 'TEODORO', 'GESZT4'),
	(197227, 'ROCCA', 'ORLANDO', 'GESZT4'),
	(197247, 'FIAMMAZZO', 'SIMONE', 'GESZT4'),
	(197256, 'CONSIGLIO', 'LUIGI', 'GESZT4'),
	(197295, 'CRIMINISI', 'ROSANNA', 'GESZT4'),
	(197309, 'LISANTI', 'ALBERTO', 'GESZT4'),
	(197323, 'BUZZI', 'MATTEO', 'GESZT4'),
	(197342, 'RUBATTO', 'MARCO', 'GESZT4'),
	(197433, 'GUEMNANG', 'CHRISTELLE ELODIE', 'GESZT4'),
	(197438, 'SCAGLIONE', 'TANIA', 'GESZT4'),
	(197532, 'RAVAZZI', 'MARCO', 'GESZT4'),
	(197533, 'SAPONARO', 'DOMENICO', 'GESZT4'),
	(197534, 'VULPIS', 'ANDREA', 'GESZT4'),
	(197591, 'DORETTI', 'LORENZO', 'GESZT4'),
	(197597, 'ALESSANDRI', 'ELISA', 'GESZT4'),
	(197622, 'NGEYA MBIADJEU', 'VANESSA ESTELLE', 'GESZT4'),
	(197635, 'VIGNA', 'LEONARDO', 'GESZT4'),
	(197695, 'CAMPRA', 'FRANCESCO', 'GESZT4'),
	(197711, 'BARONE', 'DELIA', 'GESZT4'),
	(197716, 'COCCORULLO', 'DORA', 'GESZT4'),
	(197719, 'ULIVI', 'COSIMO', 'GESZT4'),
	(197724, 'MARINO', 'VIVIANA', 'GESZT4'),
	(197726, 'BARILE', 'ELISA', 'GESZT4'),
	(197768, 'ROSSI', 'LEONARDO', 'GESZT4'),
	(197795, 'SOLA', 'ENZA', 'GESZT4'),
	(197821, 'BALLARINI', 'FEDERICO', 'GESZT4'),
	(197837, 'SCALZITTI', 'MARCO', 'GESZT4'),
	(197897, 'BOLLO', 'NICOLO\'', 'GESZT4'),
	(197900, 'UBERTI', 'ALBERTO', 'GESZT4'),
	(197917, 'SOMMADOSSI', 'VITTORIO', 'GESZT4'),
	(197950, 'PULIMENO', 'MANUELA', 'GESZT4'),
	(197951, 'COLUCCIO', 'FRANCESCA', 'GESZT4'),
	(197956, 'COSTA', 'RICCARDO', 'GESZT4'),
	(197959, 'CARANNA', 'CARMELO', 'GESZT4'),
	(197981, 'FIOR', 'GIANNI', 'GESZT4'),
	(197989, 'SPADA', 'FEDERICA', 'GESZT4'),
	(197990, 'LAMBERT', 'NICOLA', 'GESZT4'),
	(197993, 'RUSSO', 'FRANCESCO', 'GESZT4'),
	(198019, 'BAROLI', 'FILIPPO', 'GESZT4'),
	(198028, 'CONTE', 'PIERO', 'GESZT4'),
	(198030, 'BUSON', 'SIMONE', 'GESZT4'),
	(198032, 'PONZI', 'ERICA', 'MTMZT1'),
	(198035, 'GHEDUZZI', 'TOMMASO', 'GESZT4'),
	(198036, 'ROSSETTI', 'LICIA', 'GESZT4'),
	(198041, 'FUDA', 'RAFFAELE', 'GESZT4'),
	(198042, 'RANALDO', 'ANNA', 'GESZT4'),
	(198047, 'CALABRESE', 'RICCARDO', 'GESZT4'),
	(198057, 'ORMEZZANO', 'GIOVANNI', 'GESZT4'),
	(198065, 'GIRAUDI', 'FEDERICA', 'GESZT4'),
	(198079, 'MONELLI', 'DANILO', 'GESZT4'),
	(198117, 'D\'ANDRIA', 'AMEDEO', 'GESZT4'),
	(198121, 'WYLUPEK', 'KAROL', 'GESZT4'),
	(198131, 'ZANTI', 'MARTINA', 'GESZT4'),
	(198135, 'MORGANTI', 'MARIA CRISTINA', 'GESZT4'),
	(198136, 'PARISI', 'ELIANA GIUSY ANTONELLLA', 'GESZT4'),
	(198138, 'ULLO', 'FRANCESCA', 'GESZT4'),
	(198145, 'GAIDO', 'LUCA', 'GESZT4'),
	(198147, 'GALLON', 'ALEX', 'GESZT4'),
	(198151, 'LISTORTI', 'ELISABETTA', 'GESZT4'),
	(198154, 'PRIORI', 'MARCO', 'GESZT4'),
	(198166, 'TAVERA', 'FEDERICA', 'GESZT4'),
	(198168, 'REVELLO', 'PAOLA', 'GESZT4'),
	(198171, 'SUPPA', 'JACOPO', 'GESZT4'),
	(198175, 'SCARPELLINO', 'ANDREA', 'GESZT4'),
	(198198, 'CIVIERO', 'SARAH', 'GESZT4'),
	(198205, 'REGIS', 'MARTA', 'MTMZT1'),
	(198209, 'SCARZELLO', 'MARCO', 'GESZT4'),
	(198251, 'RAGUSA', 'CARMELO', 'GESZT4'),
	(198254, 'VAPINO', 'MATTIA', 'GESZT4'),
	(198255, 'NEGRO', 'ALESSANDRO', 'GESZT4'),
	(198285, 'GIACOMINI', 'MASSIMO', 'GESZT4'),
	(198314, 'ROGGERO', 'CINZIA', 'MTMZT1'),
	(198356, 'CONTARINO', 'NICOLA VINCENZO', 'GESZT4'),
	(198372, 'MIRABELLA', 'VANESSA', 'GESZT4'),
	(198392, 'VALENZANO', 'MARIKA', 'GESZT4'),
	(198393, 'FORTUNATO', 'ANTONIO ROCCO', 'GESZT4'),
	(198394, 'CUGLITURI', 'MARIA CARMELA FILIPPA', 'GESZT4'),
	(198397, 'ZINO', 'LORENZO', 'MTMZT1'),
	(198430, 'URBANO', 'GIOVANNI', 'GESZT4'),
	(198432, 'FERRETTI', 'CARLO', 'GESZT4'),
	(198453, 'NICOLA', 'MATTIA', 'GESZT4'),
	(198457, 'GRANDIS', 'ROBERTO', 'GESZT4'),
	(198468, 'BORDUNALE', 'ELISA LAURA', 'GESZT4'),
	(198493, 'TIBALDI', 'JESSICA', 'GESZT4'),
	(198510, 'BERARDI', 'PASQUALE', 'GESZT4'),
	(198511, 'SALERNO', 'CARMELO', 'GESZT4'),
	(198522, 'CASALE', 'MANUELA', 'GESZT4'),
	(198547, 'BECCUTI', 'ANDREA', 'GESZT4'),
	(198571, 'LOPATRIELLO', 'ROBERTA', 'GESZT4'),
	(198574, 'DI PUMPO', 'LEONARDO', 'GESZT4'),
	(198579, 'CALVI', 'ANDREA', 'GESZT4'),
	(198582, 'PAOLUCCI', 'VALENTINA', 'GESZT4'),
	(198592, 'GARINO', 'FEDERICO', 'GESZT4'),
	(198613, 'NUGNES', 'MARIA PIA', 'GESZT4'),
	(198618, 'INSERRA', 'MARCO GIUSEPPE', 'GESZT4'),
	(198621, 'SQUILLARI', 'MATTEO', 'GESZT4'),
	(198627, 'ZANOTTO', 'MATTIA', 'GESZT4'),
	(198643, 'LAISO', 'CHIARA MARIA', 'GESZT4'),
	(198647, 'CHIATTI', 'AGNESE', 'GESZT4'),
	(198657, 'GHIONE', 'MARIO', 'GESZT4'),
	(198672, 'DE FELICE', 'STEFANO', 'GESZT4'),
	(198675, 'VENEZIA', 'GIORGIO', 'GESZT4'),
	(198731, 'LASALVIA', 'PAOLO', 'GESZT4'),
	(198777, 'CATACCHIO', 'CRISTINA', 'GESZT4'),
	(198804, 'VASILE', 'DANIELE', 'GESZT4'),
	(198825, 'TRINGALI', 'LORENA', 'GESZT4'),
	(198829, 'GIARDINA', 'RAWENA', 'GESZT4'),
	(198857, 'GULINO', 'LORENZO', 'GESZT4'),
	(198869, 'COSTANTINI', 'ILARIA', 'GESZT4'),
	(198916, 'ARDINI', 'DANILO', 'GESZT4'),
	(198928, 'MONTANARO', 'ANTONIO', 'GESZT4'),
	(198935, 'MALTONI', 'DONATELLA', 'GESZT4'),
	(198944, 'PIERETTO', 'DAVIDE', 'GESZT4'),
	(198948, 'MORCIANO', 'MANUEL', 'GESZT4'),
	(198949, 'BONO', 'CAMILLA', 'GESZT4'),
	(198950, 'BRUNI', 'SIMONE', 'GESZT4'),
	(198952, 'FLORE', 'ANGELA', 'GESZT4'),
	(198964, 'PARRINO', 'SILVIA', 'GESZT4'),
	(198966, 'COTTO', 'GIOVANNI', 'GESZT4'),
	(198970, 'TESSAROLO', 'STEFANO', 'GESZT4'),
	(198978, 'VIETTI', 'GIORGIO GABRIELE', 'GESZT4'),
	(198994, 'GIACOBBE', 'ALESSANDRO', 'GESZT4'),
	(198996, 'BARAVALLE', 'DANIELE', 'GESZT4'),
	(198997, 'FEMINA', 'VERA', 'GESZT4'),
	(199003, 'CASSARINO', 'ELENA', 'GESZT4'),
	(199005, 'TIMUTA', 'MARINA', 'GESZT4'),
	(199014, 'MARENGO', 'ANNALISA', 'GESZT4'),
	(199015, 'SECLI\'', 'CARLO MARIA', 'GESZT4'),
	(199016, 'CANESTRARI', 'ANDREA', 'GESZT4'),
	(199021, 'ROSTAING', 'DEBORAH', 'GESZT4'),
	(199037, 'ROSELLI', 'DAVIDE', 'GESZT4'),
	(199041, 'ABELLO', 'GIULIA', 'GESZT4'),
	(199062, 'GALLESE', 'ALESSIO', 'GESZT4'),
	(199151, 'MORELLI', 'SIMONA', 'GESZT4'),
	(199185, 'LA SPADA', 'PIERFRANCESCO', 'GESZT4'),
	(199202, 'BARBIERI', 'MARTA FLAVIA', 'MTMZT1'),
	(199280, 'VIA', 'PIETRO', 'GESZT4'),
	(199292, 'CUMITINI', 'DAVIDE', 'GESZT4'),
	(199298, 'ROTA', 'EDOARDO', 'GESZT4'),
	(199349, 'ZANOTTO', 'FILIPPO', 'GESZT4'),
	(199402, 'RZETALA', 'HANNA', ''),
	(199459, 'COVELLO', 'CLAUDIO', ''),
	(199565, 'CANORO', 'MARCO', 'GESZT4'),
	(199566, 'DE VINCENZO', 'ANTONIO', 'GESZT4'),
	(199585, 'BETTINI', 'FRANCESCA ROMANA', 'GESZT4'),
	(199607, 'NICOLOSI', 'SALVATORE MARCO', 'GESZT4'),
	(199655, 'EGIZIO', 'LUISA', 'GESZT4'),
	(199676, 'CAVANI', 'GIULIA', 'GESZT4'),
	(200050, 'DE COI', 'WILLIAM', 'GESZT4'),
	(200139, 'BONGIORNO', 'ALESSIO', 'GESZT4'),
	(200191, 'MINGOIA', 'MATTEO', 'GESZT4'),
	(200221, 'GIOVANDITTI', 'SALVATORE', 'GESZT4'),
	(200237, 'BOSELLO', 'NICHOLAS', 'GESZT4'),
	(200238, 'AVIOTTI', 'ANDREA', 'GESZT4'),
	(200242, 'COVIELLO', 'GABRIELE', 'GESZT4'),
	(200246, 'FACCIOLLA', 'DANIELE', 'GESZT4'),
	(200249, 'STOPPA', 'CLAUDIO', 'GESZT4'),
	(200250, 'FAUSSONE', 'MARCO', 'GESZT4'),
	(200278, 'CELOTTO', 'MARIANNA', 'GESZT4'),
	(200290, 'RICCI', 'GIADA', 'GESZT4'),
	(200296, 'CAGNASSI', 'IVAN', 'GESZT4'),
	(200310, 'MARCHI', 'RICCARDO', 'GESZT4'),
	(200320, 'FERSINI', 'MATTEO', 'GESZT4'),
	(200323, 'LOMBARDI', 'FRANCESCO', 'GESZT4'),
	(200329, 'BARRAVECCHIA', 'FEDERICO', 'GESZT4'),
	(200331, 'CILENTI', 'ALESSIO', 'GESZT4'),
	(200336, 'RUSINA\'', 'FRANCESCA', 'GESZT4'),
	(200337, 'BALZO', 'FILIPPO', 'GESZT4'),
	(200338, 'GHIRARDI', 'MATTEO', 'GESZT4'),
	(200360, 'MUSSO', 'EMANUELE', 'GESZT4'),
	(200368, 'VULLO', 'ALBERTO', 'GESZT4'),
	(200374, 'TOMAINO', 'STEFANIA', 'GESZT4'),
	(200376, 'MARTULLI', 'GIANVITO', 'GESZT4'),
	(200400, 'CAMPIA', 'GIULIA', 'GESZT4'),
	(200419, 'GAIARDO', 'ANDREA', 'SISRT9'),
	(200430, 'BONELLIS', 'DAVIDE', 'GESZT4'),
	(200442, 'CIPRESSI', 'VALENTINA', 'GESZT4'),
	(200454, 'BREZZO', 'DANIELE', 'GESZT4'),
	(200456, 'MORGILLO', 'DANIELA', 'GESZT4'),
	(200463, 'ESPOSITO', 'GIOVANNI', 'GESZT4'),
	(200482, 'RIBERO', 'GIORGIO', 'GESZT4'),
	(200488, 'BOLLATI', 'LEONARDO', 'GESZT4'),
	(200496, 'CULTRERA', 'GIULIA', 'GESZT4'),
	(200498, 'BARBAROSSA', 'ROBERTA', 'GESZT4'),
	(200505, 'MOINO', 'SIMONE', 'GESZT4'),
	(200507, 'ORLANDIN', 'MATTIA', 'GESZT4'),
	(200516, 'ROSI', 'ANNALISA', 'GESZT4'),
	(200539, 'BONAIUTO', 'STEFANO', 'GESZT4'),
	(200543, 'HUPPI', 'ELEONORA', 'GESZT4'),
	(200546, 'BOVOLATO', 'GIULIA', 'GESZT4'),
	(200564, 'RUBINETTI', 'RACHELE', 'GESZT4'),
	(200576, 'TRAMONTANA', 'ELISA', 'GESZT4'),
	(200577, 'NUZZO', 'MARCO', 'GESZT4'),
	(200597, 'MARTINO', 'LUCA', 'GESZT4'),
	(200598, 'SILVANO', 'MARCO RODOLFO', 'GESZT4'),
	(200600, 'ARCELLONI', 'DANIO', 'GESZT4'),
	(200622, 'PELLEGRINO', 'ANTEA', 'GESZT4'),
	(200625, 'GUAGNANO', 'WALTER', 'GESZT4'),
	(200626, 'BRENA', 'MASSIMILIANO', 'GESZT4'),
	(200629, 'ZUFFI', 'FRANCESCA', 'GESZT4'),
	(200630, 'SARTI', 'GIORGIO', 'GESZT4');
/*!40000 ALTER TABLE `studente` ENABLE KEYS */;
/*!40101 SET SQL_MODE=IFNULL(@OLD_SQL_MODE, '') */;
/*!40014 SET FOREIGN_KEY_CHECKS=IF(@OLD_FOREIGN_KEY_CHECKS IS NULL, 1, @OLD_FOREIGN_KEY_CHECKS) */;
/*!40101 SET CHARACTER_SET_CLIENT=@OLD_CHARACTER_SET_CLIENT */;
